location_id,shelter_id,shelter_name,address_1,city,county_parish,state,zip,shelter_status_code,assigned_geo_level,loc_id,tract_loc_id,county_loc_id,state_loc_id,latitude,longitude,state_contains_point,county_contains_point,nearest_county_loc_id,nearest_county_distance_deg,geo_classification
nss_shelters-73120,73120,BEST WESTERN BIDARKI INN,575 STERLING HWY,HOMER,KENAI PENINSULA,AK,99603.0,CLOSED,state,USA-AK,,,USA-AK,59.64142073,-151.55844031,False,True,USA-AK-122,0.0,runtime_missed_county_containment
nss_shelters-340149,340149,Bidarki Recreational Center,401 Council Ave,CORDOVA,VALDEZ CORDOVA,AK,99574.0,CLOSED,state,USA-AK,,,USA-AK,60.54779345,-145.76461209,False,False,USA-AK-261,0.0012614539629794918,outside_state_but_near_claimed_state_county
nss_shelters-339813,339813,Centennial Hall Convention Center,101 Egan Drive,JUNEAU,JUNEAU,AK,99801.0,CLOSED,state,USA-AK,,,USA-AK,58.29766275,-134.4063907,True,True,USA-AK-110,0.0,runtime_missed_county_containment
nss_shelters-353247,353247,Fawn Mountain Elementary School,400 Old Homestead Road,KETCHIKAN,KETCHIKAN GATEWAY,AK,99901.0,CLOSED,state,USA-AK,,,USA-AK,55.3120893,-131.5690523,True,True,USA-AK-130,0.0,runtime_missed_county_containment
nss_shelters-364886,364886,Gateway Rec Center,601 Schoenbar Rd,KETCHIKAN,KETCHIKAN GATEWAY,AK,99901.0,CLOSED,state,USA-AK,,,USA-AK,55.347008,-131.641343,True,True,USA-AK-130,0.0,runtime_missed_county_containment
nss_shelters-73468,73468,HERMON HUTCHENS ELEMENTARY,1009 W KLUTINA,VALDEZ,VALDEZ CORDOVA,AK,99686.0,CLOSED,state,USA-AK,,,USA-AK,61.13293733,-146.37335418,True,True,USA-AK-261,0.0,runtime_missed_county_containment
nss_shelters-358782,358782,Hogarth Kingeekuk Senior Memorial School,200 Main St,SAVOONGA,NOME,AK,99769.0,CLOSED,state,USA-AK,,,USA-AK,63.6953,-170.4979,False,False,USA-AK-180,0.0008587888044387351,outside_state_but_near_claimed_state_county
nss_shelters-353249,353249,Ketchikan High School,2610 4th Avenue,KETCHIKAN,KETCHIKAN GATEWAY,AK,99901.0,CLOSED,state,USA-AK,,,USA-AK,55.3525708,-131.6773899,True,True,USA-AK-130,0.0,runtime_missed_county_containment
nss_shelters-365512,365512,Martin L Olsen School,40 Main St,Golovin,Nome,AK,99762.0,CLOSED,state,USA-AK,,,USA-AK,64.542802,-163.034807,False,False,USA-AK-180,0.021209721027290334,outside_state_but_near_claimed_state_county
nss_shelters-363124,363124,McQueen high School,1 Main Street,KIVALINA,NORTHWEST ARCTIC,AK,99750.0,CLOSED,state,USA-AK,,,USA-AK,67.7293272,-164.5430219,False,False,USA-AK-188,0.01074318372781417,outside_state_but_near_claimed_state_county
nss_shelters-364322,364322,Mertarvik Evacuation Center,Mertarvik Evacuation Center,NEWTOK,BETHEL,AK,99559.0,CLOSED,state,USA-AK,,,USA-AK,60.82044,-164.50425,True,True,USA-AK-050,0.0,runtime_missed_county_containment
nss_shelters-353248,353248,North Point Higgins Elementary School,981 North Point Higgins Road,KETCHIKAN,KETCHIKAN GATEWAY,AK,99901.0,CLOSED,state,USA-AK,,,USA-AK,55.469795,-131.8194059,False,True,USA-AK-130,0.0,runtime_missed_county_containment
nss_shelters-354865,354865,POSS Camp Hotel,923 North Point Rd.,ST PAUL,ALEUTIANS WEST,AK,99660.0,CLOSED,state,USA-AK,,,USA-AK,57.1541139,-170.343107,False,False,USA-AK-016,0.005472251068653115,outside_state_but_near_claimed_state_county
nss_shelters-354866,354866,Privaloff School,930 Tolstoi Blvd.,ST PAUL,ALEUTIANS WEST,AK,99660.0,CLOSED,state,USA-AK,,,USA-AK,57.1214901,-170.2802492,False,False,USA-AK-016,0.03737171255611397,outside_state_but_near_claimed_state_county
nss_shelters-339852,339852,Tikigaq School,1837 Tikigaq Ave,Point Hope,NORTH SLOPE,AK,99766.0,CLOSED,state,USA-AK,,,USA-AK,68.31508493,-166.76095761,False,False,USA-AK-185,0.03515524132260502,outside_state_but_near_claimed_state_county
nss_shelters-344895,344895,Tok Dog Mushing Association,Mile 1311 Alaska Hwy,TOK,SOUTHEAST FAIRBANKS,AK,99780.0,CLOSED,state,USA-AK,,,USA-AK,62.61566797,-141.00215671,True,False,USA-AK-240,0.0006233388942960929,inside_state_near_county_edge
nss_shelters-354861,354861,Trident Fish Packing,1027 HAUL RD,ST PAUL,ALEUTIANS WEST,AK,99660.0,CLOSED,state,USA-AK,,,USA-AK,57.1234867,-170.2766225,False,False,USA-AK-016,0.03611279089467477,outside_state_but_near_claimed_state_county
nss_shelters-339853,339853,Unalakleet School,205 Main St,Unalakleet,NOME,AK,99684.0,CLOSED,state,USA-AK,,,USA-AK,63.8748109,-160.7901341,False,False,USA-AK-180,0.00015097693872337875,outside_state_but_near_claimed_state_county
nss_shelters-353250,353250,University of Alaska Southeast - Ketchikan,2600 7th Avenue,KETCHIKAN,KETCHIKAN GATEWAY,AK,99901.0,CLOSED,state,USA-AK,,,USA-AK,55.355507,-131.67746,True,True,USA-AK-130,0.0,runtime_missed_county_containment
nss_shelters-353244,353244,West Homer Elementary School,995 Soundview Ave,HOMER,KENAI PENINSULA,AK,99603.0,CLOSED,state,USA-AK,,,USA-AK,59.64332194,-151.5698866,False,True,USA-AK-122,0.0,runtime_missed_county_containment
nss_shelters-109328,109328,First Baptist Church Family Life Center,1121 East Main Street,Van Buren,GRAYS HARBOUR,AR,72956.0,CLOSED,state,USA-AR,,,USA-AR,46.97248245,-123.83755821,False,False,USA-AR-007,31.03984406746374,outside_claimed_state_far_away
nss_shelters-364549,364549,7TH DAY ADVENT- Ili'ili Village,Ili'ili Village,PAGO PAGO,AMERICAN SAMOA,AS,96799.0,CLOSED,state,USA-AS,,,USA-AS,-14.34241,-170.734993,False,False,,,no_county_bank_for_state
nss_shelters-330214,330214,ASSEMBLY- AFONO VILLAGE,AFONO VILLAGE,PAGO PAGO,AMERICAN SAMOA,AS,96799.0,CLOSED,state,USA-AS,,,USA-AS,-14.25894829,-170.65273625,True,False,,,no_county_bank_for_state
nss_shelters-330217,330217,ASSEMBLY- TULA VILLAGE,TULA VILLAGE,PAGO PAGO,AMERICAN SAMOA,AS,96799.0,CLOSED,state,USA-AS,,,USA-AS,-14.2527184,-170.56620322,False,False,,,no_county_bank_for_state
nss_shelters-330222,330222,CATHOLIC SHELTER- 	LAULII VILLAGE,LAULII VILLAGE,PAGO PAGO,AMERICAN SAMOA,AS,96799.0,CLOSED,state,USA-AS,,,USA-AS,-14.28819776,-170.65463385,False,False,,,no_county_bank_for_state
nss_shelters-330207,330207,CATHOLIC SHELTER- AASU VILLAGE,AASU VILLAGE,PAGO PAGO,AMERICAN SAMOA,AS,96799.0,CLOSED,state,USA-AS,,,USA-AS,-14.27193368,-170.57570644,False,False,,,no_county_bank_for_state
nss_shelters-330218,330218,CATHOLIC SHELTER- ALAO VILLAGE,ALAO VILLAGE,PAGO PAGO,AMERICAN SAMOA,AS,96799.0,CLOSED,state,USA-AS,,,USA-AS,-14.26288895,-170.5658773,False,False,,,no_county_bank_for_state
nss_shelters-330219,330219,CATHOLIC SHELTER- AMANAVE VILLAGE,AMANAVE VILLAGE,PAGO PAGO,AMERICAN SAMOA,AS,96799.0,CLOSED,state,USA-AS,,,USA-AS,-14.32575629,-170.82922946,False,False,,,no_county_bank_for_state
nss_shelters-330221,330221,CATHOLIC SHELTER- ILIIILI UTA VILLAGE,ILIIILI UTA VILLAGE,PAGO PAGO,AMERICAN SAMOA,AS,96799.0,CLOSED,state,USA-AS,,,USA-AS,-14.3473438,-170.74746641,True,False,,,no_county_bank_for_state
nss_shelters-330224,330224,CATHOLIC SHELTER- NUU'ULI TAI VILLAGE,NUU'ULI TAI VILLAGE,PAGO PAGO,AMERICAN SAMOA,AS,96799.0,CLOSED,state,USA-AS,,,USA-AS,-14.31022396,-170.70406228,False,False,,,no_county_bank_for_state
nss_shelters-364547,364547,Catholic Shelter- â¿¿Fagatogo Village,â¿¿Fagatogo Village,PAGO PAGO,AMERICAN SAMOA,AS,96799.0,CLOSED,state,USA-AS,,,USA-AS,-14.279444,-170.69,True,False,,,no_county_bank_for_state
nss_shelters-330226,330226,ELEMENTARY - ALOFAU VILLAGE,ALOFAU VILLAGE,PAGO PAGO,AMERICAN SAMOA,AS,96799.0,CLOSED,state,USA-AS,,,USA-AS,-14.27421966,-170.60347905,False,False,,,no_county_bank_for_state
nss_shelters-330227,330227,ELEMENTARY -LAULII VILLAGE,LAULII VILLAGE,PAGO PAGO,AMERICAN SAMOA,AS,96799.0,CLOSED,state,USA-AS,,,USA-AS,-14.28819776,-170.65463385,False,False,,,no_county_bank_for_state
nss_shelters-330210,330210,FAGAITUA HIGH SCHOOL,FAGAITUA VILLAGE,PAGO PAGO,AMERICAN SAMOA,AS,96799.0,CLOSED,state,USA-AS,,,USA-AS,-14.26749162,-170.61421757,True,False,,,no_county_bank_for_state
nss_shelters-330228,330228,FAGAITUA HIGH SCHOOL-UTUSIA VILLAGE,UTUSIA VILLAGE,PAGO PAGO,AMERICAN SAMOA,AS,96799.0,CLOSED,state,USA-AS,,,USA-AS,-14.27086473,-170.62111631,True,False,,,no_county_bank_for_state
nss_shelters-334604,334604,Faga'itua ECE,Faga'itua ECE,PAGO PAGO,Western (District),AS,96799.0,CLOSED,state,USA-AS,,,USA-AS,-14.26749162,-170.61421757,True,False,,,no_county_bank_for_state
nss_shelters-330229,330229,GURR RESIDE- MALOTA VILLAGE,MALOTA VILLAGE,PAGO PAGO,AMERICAN SAMOA,AS,96799.0,CLOSED,state,USA-AS,,,USA-AS,-14.30416658,-170.81626518,True,False,,,no_county_bank_for_state
nss_shelters-330202,330202,LDS -AUTO VILLAGE,AUTO VILLAGE,PAGO PAGO,AMERICAN SAMOA,AS,96799.0,CLOSED,state,USA-AS,,,USA-AS,-14.27714873,-170.62860462,True,False,,,no_county_bank_for_state
nss_shelters-330232,330232,LDS -MAPUSAGA FOU VILLAGE,MAPUSAGA FOU VILLAGE,PAGO PAGO,AMERICAN SAMOA,AS,96799.0,CLOSED,state,USA-AS,,,USA-AS,-14.32424259,-170.75489282,True,False,,,no_county_bank_for_state
nss_shelters-330235,330235,LDS -VATIA VILLAGE,VATIA VILLAGE,PAGO PAGO,AMERICAN SAMOA,AS,96799.0,CLOSED,state,USA-AS,,,USA-AS,-14.25173458,-170.67447881,False,False,,,no_county_bank_for_state
nss_shelters-330236,330236,LDS HALL,FALENIU VILLAGE,PAGO PAGO,AMERICAN SAMOA,AS,96799.0,CLOSED,state,USA-AS,,,USA-AS,-14.33009798,-170.74705946,True,False,,,no_county_bank_for_state
nss_shelters-330237,330237,LDS HALL/AUTO,AVAIO VILLAGE,PAGO PAGO,AMERICAN SAMOA,AS,96799.0,CLOSED,state,USA-AS,,,USA-AS,-14.28007519,-170.63333597,False,False,,,no_county_bank_for_state
nss_shelters-330238,330238,LDS SHELTER,NUU'ULI TAI VILLAGE,PAGO PAGO,AMERICAN SAMOA,AS,96799.0,CLOSED,state,USA-AS,,,USA-AS,-14.31022396,-170.70406228,False,False,,,no_county_bank_for_state
nss_shelters-330233,330233,LDS- MESEPA VILLAGE,MESEPA VILLAGE,PAGO PAGO,AMERICAN SAMOA,AS,96799.0,CLOSED,state,USA-AS,,,USA-AS,-14.25478844,-170.63238369,False,False,,,no_county_bank_for_state
nss_shelters-330253,330253,LMS - FAGATOGO VILLAGE,FAGATOGO VILLAGE,PAGO PAGO,AMERICAN SAMOA,AS,96799.0,CLOSED,state,USA-AS,,,USA-AS,-14.2886432,-170.72360136,True,False,,,no_county_bank_for_state
nss_shelters-330239,330239,LMS -ALAO VILLAGE,ALAO VILLAGE,PAGO PAGO,AMERICAN SAMOA,AS,96799.0,CLOSED,state,USA-AS,,,USA-AS,-14.26288895,-170.5658773,False,False,,,no_county_bank_for_state
nss_shelters-330241,330241,LMS -AMANAVE VILLAGE,AMANAVE VILLAGE,PAGO PAGO,AMERICAN SAMOA,AS,96799.0,CLOSED,state,USA-AS,,,USA-AS,-14.32575629,-170.82922946,False,False,,,no_county_bank_for_state
nss_shelters-330199,330199,LMS -AMAUA VILLAGE,AMAUA VILLAGE,PAGO PAGO,AMERICAN SAMOA,AS,96799.0,CLOSED,state,USA-AS,,,USA-AS,-14.27199388,-170.62420276,True,False,,,no_county_bank_for_state
nss_shelters-330242,330242,LMS -AMOULI VILLAGE,AMOULI VILLAGE,PAGO PAGO,AMERICAN SAMOA,AS,96799.0,CLOSED,state,USA-AS,,,USA-AS,-14.27281539,-170.58428377,False,False,,,no_county_bank_for_state
nss_shelters-330243,330243,LMS -AOA VILLAGE,AOA VILLAGE,PAGO PAGO,AMERICAN SAMOA,AS,96799.0,CLOSED,state,USA-AS,,,USA-AS,-14.26040878,-170.58492316,False,False,,,no_county_bank_for_state
nss_shelters-330208,330208,LMS -AUASI VILLAGE,AUASI VILLAGE,PAGO PAGO,AMERICAN SAMOA,AS,96799.0,CLOSED,state,USA-AS,,,USA-AS,-14.27193368,-170.57570644,False,False,,,no_county_bank_for_state
nss_shelters-330249,330249,LMS -FAGALII VILLAGE,FAGALII VILLAGE,PAGO PAGO,AMERICAN SAMOA,AS,96799.0,CLOSED,state,USA-AS,,,USA-AS,-14.30719517,-170.82604236,True,False,,,no_county_bank_for_state
nss_shelters-330252,330252,LMS -FAGASA VILLAGE,FAGASA VILLAGE,PAGO PAGO,AMERICAN SAMOA,AS,96799.0,CLOSED,state,USA-AS,,,USA-AS,-14.28426006,-170.72045999,True,False,,,no_county_bank_for_state
nss_shelters-330254,330254,LMS -FALENIU VILLAGE,FALENIU VILLAGE,PAGO PAGO,AMERICAN SAMOA,AS,96799.0,CLOSED,state,USA-AS,,,USA-AS,-14.33009798,-170.74705946,True,False,,,no_county_bank_for_state
nss_shelters-330259,330259,LMS -MASAUSI VILLAGE,MASAUSI VILLAGE,PAGO PAGO,AMERICAN SAMOA,AS,96799.0,CLOSED,state,USA-AS,,,USA-AS,-14.2593175,-170.60522507,False,False,,,no_county_bank_for_state
nss_shelters-330262,330262,LMS -ONENOA VILLAGE,ONENOA VILLAGE,PAGO PAGO,AMERICAN SAMOA,AS,96799.0,CLOSED,state,USA-AS,,,USA-AS,-14.25122772,-170.58038676,False,False,,,no_county_bank_for_state
nss_shelters-330264,330264,LMS -PAVAIAI VILLAGE,PAVAIAI VILLAGE,PAGO PAGO,AMERICAN SAMOA,AS,96799.0,CLOSED,state,USA-AS,,,USA-AS,-14.33473215,-170.75108529,True,False,,,no_county_bank_for_state
nss_shelters-330267,330267,LMS -SAILELE VILLAGE,SAILELE VILLAGE,PAGO PAGO,AMERICAN SAMOA,AS,96799.0,CLOSED,state,USA-AS,,,USA-AS,-14.25686197,-170.59809895,False,False,,,no_county_bank_for_state
nss_shelters-330268,330268,LMS -TAFUNA MAAMAA VILLAGE,TAFUNA MAAMAA VILLAGE,PAGO PAGO,AMERICAN SAMOA,AS,96799.0,CLOSED,state,USA-AS,,,USA-AS,-14.3248512,-170.73152811,True,False,,,no_county_bank_for_state
nss_shelters-330269,330269,LMS -TULA VILLAGE,TULA VILLAGE,PAGO PAGO,AMERICAN SAMOA,AS,96799.0,CLOSED,state,USA-AS,,,USA-AS,-14.2527184,-170.56620322,False,False,,,no_county_bank_for_state
nss_shelters-330271,330271,LMS -UTUMEA VILLAGE,UTUMEA VILLAGE,PAGO PAGO,AMERICAN SAMOA,AS,96799.0,CLOSED,state,USA-AS,,,USA-AS,-14.27074676,-170.57210567,False,False,,,no_county_bank_for_state
nss_shelters-330272,330272,LMS -VAILOA VILLAGE,VAILOA VILLAGE,PAGO PAGO,AMERICAN SAMOA,AS,96799.0,CLOSED,state,USA-AS,,,USA-AS,-14.35493635,-170.7829912,False,False,,,no_county_bank_for_state
nss_shelters-330204,330204,LMS -VATIA VILLAGE,VATIA VILLAGE,PAGO PAGO,AMERICAN SAMOA,AS,96799.0,CLOSED,state,USA-AS,,,USA-AS,-14.25173458,-170.67447881,False,False,,,no_county_bank_for_state
nss_shelters-330256,330256,LMS- ILIIILI UTA VILLAGE,ILIIILI UTA VILLAGE,PAGO PAGO,AMERICAN SAMOA,AS,96799.0,CLOSED,state,USA-AS,,,USA-AS,-14.3473438,-170.74746641,True,False,,,no_county_bank_for_state
nss_shelters-330275,330275,MANULELE JRH SHELTER- TAFUNA MAAMAA VILLAGE,TAFUNA MAAMAA VILLAGE,PAGO PAGO,AMERICAN SAMOA,AS,96799.0,CLOSED,state,USA-AS,,,USA-AS,-14.3248512,-170.73152811,True,False,,,no_county_bank_for_state
nss_shelters-330276,330276,METHODIST -	AGUGULU VILLAGE,AGUGULU VILLAGE,PAGO PAGO,AMERICAN SAMOA,AS,96799.0,CLOSED,state,USA-AS,,,USA-AS,-14.33042074,-170.81952477,False,False,,,no_county_bank_for_state
nss_shelters-330277,330277,METHODIST -ALOFAU VILLAGE,ALOFAU VILLAGE,PAGO PAGO,AMERICAN SAMOA,AS,96799.0,CLOSED,state,USA-AS,,,USA-AS,-14.27421966,-170.60347905,False,False,,,no_county_bank_for_state
nss_shelters-330280,330280,METHODIST -FAILOLO VILLAGE,FAILOLO VILLAGE,PAGO PAGO,AMERICAN SAMOA,AS,96799.0,CLOSED,state,USA-AS,,,USA-AS,-14.32839593,-170.82722876,False,False,,,no_county_bank_for_state
nss_shelters-330281,330281,METHODIST -FUTIGA VILLAGE,FUTIGA VILLAGE,PAGO PAGO,AMERICAN SAMOA,AS,96799.0,CLOSED,state,USA-AS,,,USA-AS,-14.34794639,-170.7585121,True,False,,,no_county_bank_for_state
nss_shelters-330283,330283,METHODIST -NUU'ULI TAI VILLAGE,NUU'ULI TAI VILLAGE,PAGO PAGO,AMERICAN SAMOA,AS,96799.0,CLOSED,state,USA-AS,,,USA-AS,-14.31022396,-170.70406228,False,False,,,no_county_bank_for_state
nss_shelters-330285,330285,METHODIST -PAVAIAI VILLAGE,PAVAIAI  VILLAGE,PAGO PAGO,AMERICAN SAMOA,AS,96799.0,CLOSED,state,USA-AS,,,USA-AS,-14.33473215,-170.75108529,True,False,,,no_county_bank_for_state
nss_shelters-330287,330287,PENTECOSTAL - NUU'ULI CENT VILLAGE,NUU'ULI CENT VILLAGE,PAGO PAGO,AMERICAN SAMOA,AS,96799.0,CLOSED,state,USA-AS,,,USA-AS,-14.31022396,-170.70406228,False,False,,,no_county_bank_for_state
nss_shelters-334608,334608,Pava'ia'l Elementary School,Pava'ia'l Elementary School,PAGO PAGO,Western (District),AS,96799.0,CLOSED,state,USA-AS,,,USA-AS,-14.33473215,-170.75108529,True,False,,,no_county_bank_for_state
nss_shelters-330288,330288,SAMOANA HIGH SCHOOL- UTULEI VILLAGE,UTULEI VILLAGE,PAGO PAGO,AMERICAN SAMOA,AS,96799.0,CLOSED,state,USA-AS,,,USA-AS,-14.25988193,-170.61926356,True,False,,,no_county_bank_for_state
nss_shelters-330290,330290,TALALELEI SHELTER- ILIILI TAI VILLAGE,ILIILI TAI VILLAGE,PAGO PAGO,AMERICAN SAMOA,AS,96799.0,CLOSED,state,USA-AS,,,USA-AS,-14.3473438,-170.74746641,True,False,,,no_county_bank_for_state
nss_shelters-334606,334606,Tafuna Elementary School,Tafuna Elementary School,PAGO PAGO,Western (District),AS,96799.0,CLOSED,state,USA-AS,,,USA-AS,-14.16726688,-169.65379734,False,False,,,no_county_bank_for_state
nss_shelters-169248,169248,A.P. Giannini Middle School,3151 Ortega Street,San Francisco,San Francisco,CA,94122.0,CLOSED,state,USA-CA,,,USA-CA,37.75147288,-122.4972896,True,True,USA-CA-075,0.0,runtime_missed_county_containment
nss_shelters-169397,169397,Anderson Senior Center,828 S. MESA,SAN PEDRO,LOS ANGELES,CA,90731.0,CLOSED,state,USA-CA,,,USA-CA,33.73667451,-118.28571058,True,True,USA-CA-037,0.0,runtime_missed_county_containment
nss_shelters-169404,169404,Angels Gate Park,3601 S. GAFFEY ST.,SAN PEDRO,LOS ANGELES,CA,90731.0,CLOSED,state,USA-CA,,,USA-CA,33.71054921,-118.29285119,True,False,USA-CA-037,0.0017070680870308896,inside_state_near_county_edge
nss_shelters-357285,357285,Bay Area Chinese Bible Church,1803 North Loop Road,ALAMEDA,ALAMEDA,CA,94502.0,CLOSED,state,USA-CA,,,USA-CA,37.7276197,-122.2391408,True,True,USA-CA-001,0.0,runtime_missed_county_containment
nss_shelters-174251,174251,Bay Model/US Army Corp Eng,2100 Bridgeway,SAUSALITO,MARIN,CA,94965.0,CLOSED,state,USA-CA,,,USA-CA,37.86264707,-122.49549995,True,True,USA-CA-041,0.0,runtime_missed_county_containment
nss_shelters-169579,169579,Belvedere Community Center,450 San Rafael Avenue,BELVEDERE TIBURON,MARIN,CA,94920.0,CLOSED,state,USA-CA,,,USA-CA,37.87468,-122.46669466,True,False,USA-CA-041,0.02094103429511852,inside_state_far_from_any_county
nss_shelters-169669,169669,Bolinas Stinson School,125 Olema/Bolinas Rd.,BOLINAS,MARIN,CA,94924.0,CLOSED,state,USA-CA,,,USA-CA,37.90992443,-122.68808976,True,True,USA-CA-041,0.0,runtime_missed_county_containment
nss_shelters-363643,363643,Burlingame Lions Club,990 Burlingame Avenue,BURLINGAME,SAN MATEO,CA,94010.0,CLOSED,state,USA-CA,,,USA-CA,37.5813975,-122.3437103,True,True,USA-CA-081,0.0,runtime_missed_county_containment
nss_shelters-169786,169786,Burlingame Recreation Center,850 Burlingame Ave,BURLINGAME,San Mateo,CA,94010.0,CLOSED,state,USA-CA,,,USA-CA,37.58201363,-122.34221051,True,True,USA-CA-081,0.0,runtime_missed_county_containment
nss_shelters-170103,170103,CHAUTAUQUA HALL,16TH & CENTRAL AVE,PACIFIC GROVE,MONTEREY,CA,93950.0,CLOSED,state,USA-CA,,,USA-CA,36.62218522,-121.91781145,True,True,USA-CA-053,0.0,runtime_missed_county_containment
nss_shelters-169906,169906,Camp Ocean Pines,1473 Randall Dr.,CAMBRIA,SAN LUIS OBISPO,CA,93428.0,CLOSED,state,USA-CA,,,USA-CA,35.5435024,-121.08313269,True,True,USA-CA-079,0.0,runtime_missed_county_containment
nss_shelters-170099,170099,Chase Palm Park Center,236 E Cabrillo Blvd,SANTA BARBARA,SANTA BARBARA,CA,93101.0,CLOSED,state,USA-CA,,,USA-CA,34.41402588,-119.68725899,True,False,USA-CA-083,0.0011923574580047424,inside_state_near_county_edge
nss_shelters-363829,363829,City Gym and Pool,1600 Palm Avenue,HUNTINGTON BEACH,ORANGE,CA,92648.0,CLOSED,state,USA-CA,,,USA-CA,33.6695855,-118.0060287,True,True,USA-CA-059,0.0,runtime_missed_county_containment
nss_shelters-170277,170277,Commonweal,451 Mesa Road,BOLINAS,MARIN,CA,94924.0,CLOSED,state,USA-CA,,,USA-CA,37.91934932,-122.70917886,True,True,USA-CA-041,0.0,runtime_missed_county_containment
nss_shelters-364741,364741,Crosswalk Community Church,2590 First Street,NAPA,NAPA,CA,94559.0,CLOSED,state,USA-CA,,,USA-CA,0.0,0.0,False,False,,,zero_zero_bad_source_point
nss_shelters-170449,170449,Dana Middle School,1501 S. CABRILLO AVE.,SAN PEDRO,LOS ANGELES,CA,90731.0,CLOSED,state,USA-CA,,,USA-CA,33.73060409,-118.29458688,True,True,USA-CA-037,0.0,runtime_missed_county_containment
nss_shelters-170638,170638,East Palo Alto Charter School*,1286 Runnymede Street,EAST PALO ALTO,SANTA CLARA,CA,94303.0,CLOSED,state,USA-CA,,,USA-CA,37.46872603,-122.12734449,True,True,USA-CA-081,0.0,runtime_missed_county_containment
nss_shelters-170805,170805,Ethel Dwyer Middle School,1502 Palm Avenue,HUNTINGTON BEACH,ORANGE,CA,92648.0,CLOSED,state,USA-CA,,,USA-CA,33.66874872,-118.00560774,True,True,USA-CA-059,0.0,runtime_missed_county_containment
nss_shelters-364752,364752,Fireside Church Santa Cruz,311 Second St,SANTA CRUZ,SANTA CRUZ,CA,95060.0,CLOSED,state,USA-CA,,,USA-CA,0.0,0.0,False,False,,,zero_zero_bad_source_point
nss_shelters-171024,171024,Fort Mason Center Festival Pavillion Pier 3,99 Marina Blvd,SAN FRANCISCO,SAN FRANCISCO,CA,94123.0,CLOSED,state,USA-CA,,,USA-CA,37.80500952,-122.43366257,True,False,USA-CA-075,0.0037413936800517345,inside_state_near_county_edge
nss_shelters-171025,171025,Fort Mason Center Herbst Pavillion Pier 2,99 Marina Blvd,SAN FRANCISCO,SAN FRANCISCO,CA,94123.0,CLOSED,state,USA-CA,,,USA-CA,37.80500952,-122.43366257,True,False,USA-CA-075,0.0037413936800517345,inside_state_near_county_edge
nss_shelters-356797,356797,Foster City Community Center,1000 E Hillsdale Blvd,FOSTER CITY,SAN MATEO,CA,94404.0,CLOSED,state,USA-CA,,,USA-CA,37.55878,-122.270268,True,True,USA-CA-081,0.0,runtime_missed_county_containment
nss_shelters-356794,356794,Foster City Teen Center: The Vibe,670 Shell Blvd,FOSTER CITY,SAN MATEO,CA,94404.0,CLOSED,state,USA-CA,,,USA-CA,37.5566658,-122.2684064,True,True,USA-CA-081,0.0,runtime_missed_county_containment
nss_shelters-171041,171041,Francisco Middle School,2190 Powell Street,San Francisco,San Francisco,CA,94133.0,CLOSED,state,USA-CA,,,USA-CA,37.80482066,-122.41176407,True,True,USA-CA-075,0.0,runtime_missed_county_containment
nss_shelters-171098,171098,Galileo High School,1150 Francisco Street,San Francisco,San Francisco,CA,94109.0,CLOSED,state,USA-CA,,,USA-CA,37.80334578,-122.42411177,True,True,USA-CA-075,0.0,runtime_missed_county_containment
nss_shelters-171134,171134,George Washington High School,600 32nd Avenue,San Francisco,San Francisco,CA,94121.0,CLOSED,state,USA-CA,,,USA-CA,37.77778704,-122.4921095,True,True,USA-CA-075,0.0,runtime_missed_county_containment
nss_shelters-171171,171171,Golden Gate Park Senior Center,6101 Fulton Street,San Francisco,San Francisco,CA,94121.0,CLOSED,state,USA-CA,,,USA-CA,37.77204038,-122.49630934,True,True,USA-CA-075,0.0,runtime_missed_county_containment
nss_shelters-364788,364788,Harbor High School,300 La Fonda Ave,SANTA CRUZ,SANTA CRUZ,CA,95062.0,CLOSED,state,USA-CA,,,USA-CA,0.0,0.0,False,False,,,zero_zero_bad_source_point
nss_shelters-350825,350825,Harding University Partnership,1625 Robbins Street,SANTA BARBARA,SANTA BARBARA,CA,93101.0,CLOSED,state,USA-CA,,,USA-CA,34.41703583,-119.72148071,True,True,USA-CA-083,0.0,runtime_missed_county_containment
nss_shelters-326579,326579,Hemet High School,41701 E Stetson Ave,Hemet,Riverside,CA,92544.0,CLOSED,state,USA-CA,,,USA-CA,0.0,0.0,False,False,,,zero_zero_bad_source_point
nss_shelters-330418,330418,Hollywood Beach School,4000 Sunset Lane,OXNARD,VENTURA,CA,93035.0,CLOSED,state,USA-CA,,,USA-CA,34.17235107,-119.23291251,False,False,USA-CA-111,0.0040412154718196475,outside_state_but_near_claimed_state_county
nss_shelters-344903,344903,Inactive- San Diego First Church of the Nazarene,3901 Lomaland Drive,SAN DIEGO,SAN DIEGO,CA,92106.0,CLOSED,state,USA-CA,,,USA-CA,32.719178,-117.250412,False,False,USA-CA-073,0.0021099340938569642,outside_state_but_near_claimed_state_county
nss_shelters-171564,171564,Isla Vista School,6875 EL COLEGIO RD,GOLETA,SANTA BARBARA,CA,93117.0,CLOSED,state,USA-CA,,,USA-CA,34.41753323,-119.87103545,True,True,USA-CA-083,0.0,runtime_missed_county_containment
nss_shelters-364739,364739,Joseph A Nelson Community Center,611 Village Drive,SUISUN CITY,SOLANO,CA,94585.0,CLOSED,state,USA-CA,,,USA-CA,0.0,0.0,False,False,,,zero_zero_bad_source_point
nss_shelters-363835,363835,Lake Park Club House,1035 11th st.,HUNTINGTON BEACH,ORANGE,CA,92648.0,CLOSED,state,USA-CA,,,USA-CA,33.6688006,-117.9983201,True,True,USA-CA-059,0.0,runtime_missed_county_containment
nss_shelters-363677,363677,Latter Day Saints Church,1000 Shell Blvd,FOSTER CITY,SAN MATEO,CA,94404.0,CLOSED,state,USA-CA,,,USA-CA,37.5517762,-122.2640594,True,True,USA-CA-081,0.0,runtime_missed_county_containment
nss_shelters-364866,364866,Los Olivos Community,101 Alfonso,IRVINE,ORANGE,CA,92618.0,CLOSED,state,USA-CA,,,USA-CA,0.0,0.0,False,False,,,zero_zero_bad_source_point
nss_shelters-172344,172344,MEALS ON WHEELS,700 JEWEL,PACIFIC GROVE,MONTEREY,CA,93950.0,CLOSED,state,USA-CA,,,USA-CA,36.6245954,-121.91892661,True,True,USA-CA-053,0.0,runtime_missed_county_containment
nss_shelters-172455,172455,MONARCH GROVE ELEMENTARY,348 LOS OSO VALLEY RD,LOS OSOS,SAN LUIS OBISPO,CA,93402.0,CLOSED,state,USA-CA,,,USA-CA,35.31277786,-120.84924982,True,True,USA-CA-079,0.0,runtime_missed_county_containment
nss_shelters-172250,172250,Marina Middle School,3500 Fillmore Street,San Francisco,San Francisco,CA,94123.0,CLOSED,state,USA-CA,,,USA-CA,37.80183491,-122.43643248,True,False,USA-CA-075,0.0013377754990736646,inside_state_near_county_edge
nss_shelters-172277,172277,Martin J. Bogdanovich Recreation Center,1920 CUMBRE DR.,SAN PEDRO,LOS ANGELES,CA,90732.0,CLOSED,state,USA-CA,,,USA-CA,33.72939,-118.31920133,True,True,USA-CA-037,0.0,runtime_missed_county_containment
nss_shelters-172299,172299,Mary Star Of The Sea High School,2500 North Taper Avenue,SAN PEDRO,LOS ANGELES,CA,90731.0,CLOSED,state,USA-CA,,,USA-CA,33.7369623,-118.29477574,True,True,USA-CA-037,0.0,runtime_missed_county_containment
nss_shelters-172303,172303,Marymount College - Auditorium,30800 Palos Verdes Dr. East,RANCHO PALOS VERDES,LOS ANGELES,CA,90275.0,CLOSED,state,USA-CA,,,USA-CA,33.73639572,-118.33182781,True,True,USA-CA-037,0.0,runtime_missed_county_containment
nss_shelters-350826,350826,McKinley Elementary School,350 LOMA ALTA DR,SANTA BARBARA,SANTA BARBARA,CA,93109.0,CLOSED,state,USA-CA,,,USA-CA,34.40717496,-119.70228311,True,False,USA-CA-083,0.007523044358752571,inside_state_near_county_edge
nss_shelters-350828,350828,Monroe Elementary School,431 FLORA VISTA DR,SANTA BARBARA,SANTA BARBARA,CA,93109.0,CLOSED,state,USA-CA,,,USA-CA,34.40393767,-119.72972781,True,False,USA-CA-083,0.009815496933280743,inside_state_near_county_edge
nss_shelters-172526,172526,Morro Bay High School,235 ATASCADERO RD,MORRO BAY,SAN LUIS OBISPO,CA,93442.0,CLOSED,state,USA-CA,,,USA-CA,35.38002364,-120.85727695,True,True,USA-CA-079,0.0,runtime_missed_county_containment
nss_shelters-335723,335723,Morro Bay Veteran's Hall,209 Surf Street Morro Bay,MORRO BAY,SAN LUIS OBISPO,CA,93442.0,CLOSED,state,USA-CA,,,USA-CA,35.37023003,-120.85347282,True,True,USA-CA-079,0.0,runtime_missed_county_containment
nss_shelters-172801,172801,Ocean Institute,24200 Dana Point Harbor Drive,DANA POINT,ORANGE,CA,92629.0,CLOSED,state,USA-CA,,,USA-CA,33.46017795,-117.70696088,False,False,USA-CA-059,0.017254051363281123,outside_state_but_near_claimed_state_county
nss_shelters-364784,364784,Outside - Santa Cruz Fairground,2601 East Lake Blvd,WATSONVILLE,SANTA CRUZ,CA,95076.0,CLOSED,state,USA-CA,,,USA-CA,0.0,0.0,False,False,,,zero_zero_bad_source_point
nss_shelters-172903,172903,PACIFIC GROVE HIGH MULTIPURPOSE ROOM,615 SUNSET DR,PACIFIC GROVE,MONTEREY,CA,93950.0,CLOSED,state,USA-CA,,,USA-CA,36.63588189,-121.93638245,False,False,USA-CA-053,0.012574003488087798,outside_state_but_near_claimed_state_county
nss_shelters-172905,172905,PACIFIC HIGH SCHOOL GYM,615 SUNSET DR,PACIFIC GROVE,MONTEREY,CA,93950.0,CLOSED,state,USA-CA,,,USA-CA,36.63588189,-121.93638245,False,False,USA-CA-053,0.012574003488087798,outside_state_but_near_claimed_state_county
nss_shelters-359544,359544,Pacific Collegiate School,3004 Mission St,SANTA CRUZ,SANTA CRUZ,CA,95062.0,CLOSED,state,USA-CA,,,USA-CA,36.9533979,-122.0504318,True,False,USA-CA-087,0.0018070910603844518,inside_state_near_county_edge
nss_shelters-172907,172907,Pacific Elementary School,50 Ocean St,DAVENPORT,SANTA CRUZ,CA,95017.0,CLOSED,state,USA-CA,,,USA-CA,37.01188843,-122.19504545,True,True,USA-CA-087,0.0,runtime_missed_county_containment
nss_shelters-359265,359265,Pacific Valley School,69325 Hwy 1,BIG SUR,MONTEREY,CA,93920.0,CLOSED,state,USA-CA,,,USA-CA,35.9198101,-121.4659383,True,True,USA-CA-053,0.0,runtime_missed_county_containment
nss_shelters-363731,363731,Palos Verdes High School M.P.R.,600 CLOYEDON RD.,PALOS VERDES ESTATES,LOS ANGELES,CA,90274.0,CLOSED,state,USA-CA,,,USA-CA,33.779738,-118.4199613,True,False,USA-CA-037,0.015736790843168275,inside_state_far_from_any_county
nss_shelters-173015,173015,Peacock Gap Country Club,33 Biscayne Dr.,SAN RAFAEL,MARIN,CA,94901.0,CLOSED,state,USA-CA,,,USA-CA,37.9956478,-122.45835795,False,False,USA-CA-041,0.038014178476285264,outside_state_but_near_claimed_state_county
nss_shelters-361837,361837,Pomeroy Recreation and Rehabilitation Center,207 Skyline Blvd,SAN FRANCISCO,SAN FRANCISCO,CA,94132.0,CLOSED,state,USA-CA,,,USA-CA,37.730403,-122.500691,True,True,USA-CA-075,0.0,runtime_missed_county_containment
nss_shelters-173152,173152,Presidio Middle School,450 30th Avenue,San Francisco,San Francisco,CA,94121.0,CLOSED,state,USA-CA,,,USA-CA,37.78086273,-122.49019395,True,True,USA-CA-075,0.0,runtime_missed_county_containment
nss_shelters-364864,364864,Quail Hill Community,39 Shady Canyon Rd,IRVINE,ORANGE,CA,92603.0,CLOSED,state,USA-CA,,,USA-CA,0.0,0.0,False,False,,,zero_zero_bad_source_point
nss_shelters-173246,173246,REED SCHOOL,1199 TIBURON BLVD,BELVEDERE TIBURON,MARIN,CA,94920.0,CLOSED,state,USA-CA,,,USA-CA,37.88033673,-122.46482407,True,False,USA-CA-041,0.019579616796856183,inside_state_far_from_any_county
nss_shelters-364756,364756,Roadway Inn - Watsonville (COVID),1620 W. Beech Street,WATSONVILLE,MONTEREY,CA,95076.0,CLOSED,state,USA-CA,,,USA-CA,0.0,0.0,False,False,,,zero_zero_bad_source_point
nss_shelters-173477,173477,SALLY GRIFFEN SENIOR CENTER,700 JEWELL ST,PACIFIC GROVE,MONTEREY,CA,93950.0,CLOSED,state,USA-CA,,,USA-CA,36.6245954,-121.91892661,True,True,USA-CA-053,0.0,runtime_missed_county_containment
nss_shelters-352445,352445,SBCC Gymnasium,721 Cliff Dr.,SANTA BARBARA,SANTA BARBARA,CA,93109.0,CLOSED,state,USA-CA,,,USA-CA,34.4064006,-119.6972865,True,False,USA-CA-083,0.008468617284945315,inside_state_near_county_edge
nss_shelters-173900,173900,ST MARKS UNIVERSITY PARISH,6550 PICASSO RD,GOLETA,SANTA BARBARA,CA,93117.0,CLOSED,state,USA-CA,,,USA-CA,34.41514104,-119.85621462,True,True,USA-CA-083,0.0,runtime_missed_county_containment
nss_shelters-358957,358957,Salvation Army Chinatown Corps,1450 Powell Street,SAN FRANCISCO,SAN FRANCISCO,CA,94133.0,CLOSED,state,USA-CA,,,USA-CA,37.7980205,-122.410059,True,True,USA-CA-075,0.0,runtime_missed_county_containment
nss_shelters-346728,346728,San Mateo Adult High School,789 East Poplar Avenue,SAN MATEO,SAN MATEO,CA,94401.0,CLOSED,state,USA-CA,,,USA-CA,37.5762756,-122.3287868,True,True,USA-CA-081,0.0,runtime_missed_county_containment
nss_shelters-173551,173551,San Mateo High School,506 North Delaware Street,SAN MATEO,SAN MATEO,CA,94401.0,CLOSED,state,USA-CA,,,USA-CA,37.57641085,-122.33015959,True,True,USA-CA-081,0.0,runtime_missed_county_containment
nss_shelters-356795,356795,San Mateo King Center,725 Monte Diablo Ave,SAN MATEO,SAN MATEO,CA,94401.0,CLOSED,state,USA-CA,,,USA-CA,37.5735373,-122.3244775,True,True,USA-CA-081,0.0,runtime_missed_county_containment
nss_shelters-173558,173558,San Pedro High School,1001 W. 15TH ST.,SAN PEDRO,LOS ANGELES,CA,90731.0,CLOSED,state,USA-CA,,,USA-CA,33.73064006,-118.29909249,True,True,USA-CA-037,0.0,runtime_missed_county_containment
nss_shelters-354731,354731,"San Pedro High School, So. Region #15",3210 South Alma St.,SAN PEDRO,LOS ANGELES,CA,90731.0,CLOSED,state,USA-CA,,,USA-CA,33.7241323,-118.2643567,False,False,USA-CA-037,0.005350770751569621,outside_state_but_near_claimed_state_county
nss_shelters-346726,346726,Sandpiper Community Center,797 Redwood Shores Parkway,REDWOOD CITY,SAN MATEO,CA,94065.0,CLOSED,state,USA-CA,,,USA-CA,37.5376049,-122.2356392,True,True,USA-CA-081,0.0,runtime_missed_county_containment
nss_shelters-173584,173584,Santa Barbara Hillel/ M. Rosman Jewish Student Center,781 Embarcadero Del Mar,GOLETA,SANTA BARBARA,CA,93117.0,CLOSED,state,USA-CA,,,USA-CA,34.41562667,-119.857042,True,True,USA-CA-083,0.0,runtime_missed_county_containment
nss_shelters-364541,364541,Sausalito City Hall,420 Litho St,SAUSALITO,MARIN,CA,94965.0,CLOSED,state,USA-CA,,,USA-CA,37.8596498,-122.4888695,True,True,USA-CA-041,0.0,runtime_missed_county_containment
nss_shelters-171513,171513,Sausalito Portuguese Cultural Center,511 Caledonia Ave,SAUSALITO,Marin,CA,94965.0,CLOSED,state,USA-CA,,,USA-CA,37.86054266,-122.4889259,True,True,USA-CA-041,0.0,runtime_missed_county_containment
nss_shelters-173658,173658,Sea Ranch Lodge,60 SEA WALK DRIVE,THE SEA RANCH,SONOMA,CA,95497.0,CLOSED,state,USA-CA,,,USA-CA,38.68058157,-123.42891227,False,False,USA-CA-097,0.002180171193340325,outside_state_but_near_claimed_state_county
nss_shelters-364769,364769,Seventh Day Adventist Camp Grounds,1931 Soquel San Jose Rd,SOQUEL,SANTA CRUZ,CA,95073.0,CLOSED,state,USA-CA,,,USA-CA,0.0,0.0,False,False,,,zero_zero_bad_source_point
nss_shelters-173893,173893,St Ignatius College Preparatory,2001 37th Avenue,San Francisco,San Francisco,CA,94116.0,CLOSED,state,USA-CA,,,USA-CA,37.74968323,-122.49552693,True,True,USA-CA-075,0.0,runtime_missed_county_containment
nss_shelters-173909,173909,St Peter and Paul Church,666 Filbert Street,San Francisco,San Francisco,CA,94133.0,CLOSED,state,USA-CA,,,USA-CA,37.80125935,-122.41049603,True,True,USA-CA-075,0.0,runtime_missed_county_containment
nss_shelters-173967,173967,St. Stephens Episcopal Church,3 Bayview Avenue,BELVEDERE TIBURON,MARIN,CA,94920.0,CLOSED,state,USA-CA,,,USA-CA,37.87685636,-122.47122725,True,False,USA-CA-041,0.0161071207157913,inside_state_far_from_any_county
nss_shelters-174056,174056,Sunset View Elementary School,4365 HILL STREET,SAN DIEGO,SAN DIEGO,CA,92107.0,CLOSED,state,USA-CA,,,USA-CA,32.72488327,-117.25150823,False,False,USA-CA-073,0.002951214588807445,outside_state_but_near_claimed_state_county
nss_shelters-364736,364736,TEP - Healdsburg Park,1557 Healdsburg Ave,HEALDSBURG,SONOMA,CA,95448.0,CLOSED,state,USA-CA,,,USA-CA,0.0,0.0,False,False,,,zero_zero_bad_source_point
nss_shelters-364746,364746,TEP - Lambrecht Sports Complex,Lambrecht Dr,SUISUN CITY,SOLANO,CA,94585.0,CLOSED,state,USA-CA,,,USA-CA,0.0,0.0,False,False,,,zero_zero_bad_source_point
nss_shelters-364742,364742,TEP - Ragle Ranch,500 Ragle Road,SEBASTOPOL,SONOMA,CA,95472.0,CLOSED,state,USA-CA,,,USA-CA,0.0,0.0,False,False,,,zero_zero_bad_source_point
nss_shelters-364811,364811,TEP - Santa Anita Racetrack,285 W Huntington Dr,ARCADIA,LOS ANGELES,CA,91007.0,CLOSED,state,USA-CA,,,USA-CA,0.0,0.0,False,False,,,zero_zero_bad_source_point
nss_shelters-364735,364735,TEP - Santa Rosa Place to Play,2375 W 3rd St.,SANTA ROSA,SONOMA,CA,95401.0,CLOSED,state,USA-CA,,,USA-CA,0.0,0.0,False,False,,,zero_zero_bad_source_point
nss_shelters-364740,364740,TEP - Schopflin Fields,4351 Old Redwood Highway,SANTA ROSA,SONOMA,CA,95403.0,CLOSED,state,USA-CA,,,USA-CA,0.0,0.0,False,False,,,zero_zero_bad_source_point
nss_shelters-364737,364737,TEP - Spring Lake Park,5585 Newanga Ave,SANTA ROSA,SONOMA,CA,95405.0,CLOSED,state,USA-CA,,,USA-CA,0.0,0.0,False,False,,,zero_zero_bad_source_point
nss_shelters-364744,364744,TEP - Vacaville Ice Center,551 Davis St,VACAVILLE,SOLANO,CA,95688.0,CLOSED,state,USA-CA,,,USA-CA,0.0,0.0,False,False,,,zero_zero_bad_source_point
nss_shelters-364743,364743,TEP - West Marin School,11550 Shoreline Hwy,POINT REYES STATION,MARIN,CA,94956.0,CLOSED,state,USA-CA,,,USA-CA,0.0,0.0,False,False,,,zero_zero_bad_source_point
nss_shelters-364734,364734,TEP - Westide Regional Park,2400 Westshore Rd,BODEGA BAY,SONOMA,CA,94923.0,CLOSED,state,USA-CA,,,USA-CA,0.0,0.0,False,False,,,zero_zero_bad_source_point
nss_shelters-364861,364861,TEP -Embassy Suites Loveland,4705 Clydesdale Pkwy,SANTA CRUZ,SANTA CRUZ,CA,80538.0,CLOSED,state,USA-CA,,,USA-CA,0.0,0.0,False,False,,,zero_zero_bad_source_point
nss_shelters-174214,174214,Treasure Island Administrative Building 1,410 Avenue of the Palms,San Francisco,San Francisco,CA,94130.0,CLOSED,state,USA-CA,,,USA-CA,37.82009115,-122.3744602,False,False,USA-CA-075,0.03467134055343462,outside_state_but_near_claimed_state_county
nss_shelters-174216,174216,Treasure Island Oasis Event Venue,401 California Avenue,SAN FRANCISCO,SAN FRANCISCO,CA,94130.0,CLOSED,state,USA-CA,,,USA-CA,37.81871519,-122.36907326,False,False,USA-CA-075,0.03935728819029093,outside_state_but_near_claimed_state_county
nss_shelters-174215,174215,Treasure Island YMCA,749 9th Street,SAN FRANCISCO,SAN FRANCISCO,CA,94130.0,CLOSED,state,USA-CA,,,USA-CA,37.82361599,-122.36580524,False,False,USA-CA-001,0.040807936064515715,outside_state_but_near_claimed_state_county
nss_shelters-363247,363247,Trinity United Methodist Church,490 Los Osos Valley Rd,LOS OSOS,SAN LUIS OBISPO,CA,93402.0,CLOSED,state,USA-CA,,,USA-CA,35.31332,-120.84546,True,True,USA-CA-079,0.0,runtime_missed_county_containment
nss_shelters-174234,174234,Turnbull Learning Academy90,715 Indian Ave.,SAN MATEO,SAN MATEO,CA,94401.0,CLOSED,state,USA-CA,,,USA-CA,37.57560146,-122.32770444,True,True,USA-CA-081,0.0,runtime_missed_county_containment
nss_shelters-174258,174258,UCSB Corwin Pavillion,UCEN Road,SANTA BARBARA,SANTA BARBARA,CA,93106.0,CLOSED,state,USA-CA,,,USA-CA,34.41165167,-119.84276976,False,True,USA-CA-083,0.0,runtime_missed_county_containment
nss_shelters-174259,174259,UCSB Events Center (thunderdome),Ocean Road (no road number),SANTA BARBARA,SANTA BARBARA,CA,93106.0,CLOSED,state,USA-CA,,,USA-CA,34.40968051,-119.85343567,False,True,USA-CA-083,0.0,runtime_missed_county_containment
nss_shelters-174260,174260,UCSB Multi Activity Court (mac),"Mesa Road, junction with Ocean Rd (No street n",SANTA BARBARA,SANTA BARBARA,CA,93106.0,CLOSED,state,USA-CA,,,USA-CA,34.41500179,-119.83950578,True,True,USA-CA-083,0.0,runtime_missed_county_containment
nss_shelters-174261,174261,UCSB Recreation Center Main,"Ocean Rd, junction with Mesa Rd (no street number)",SANTA BARBARA,SANTA BARBARA,CA,93106.0,CLOSED,state,USA-CA,,,USA-CA,34.40968051,-119.85343567,False,True,USA-CA-083,0.0,runtime_missed_county_containment
nss_shelters-174262,174262,UCSB Recreation Center Pavillion,Mesa Road (no road number),SANTA BARBARA,SANTA BARBARA,CA,93106.0,CLOSED,state,USA-CA,,,USA-CA,34.41500179,-119.83950578,True,True,USA-CA-083,0.0,runtime_missed_county_containment
nss_shelters-174263,174263,UCSB Robertson Gym,Ocean Road (no road number),SANTA BARBARA,SANTA BARBARA,CA,93106.0,CLOSED,state,USA-CA,,,USA-CA,34.40968051,-119.85343567,False,True,USA-CA-083,0.0,runtime_missed_county_containment
nss_shelters-174296,174296,UNIVERSITY RELIGIOUS CENTER,777 CAMINO PESCADERO,GOLETA,SANTA BARBARA,CA,93117.0,CLOSED,state,USA-CA,,,USA-CA,34.4157256,-119.85871474,True,True,USA-CA-083,0.0,runtime_missed_county_containment
nss_shelters-174363,174363,Venice Beach Recreation Center,1800 OCEAN FRONT WALK,VENICE,LOS ANGELES,CA,90291.0,CLOSED,state,USA-CA,,,USA-CA,33.9875224,-118.47419049,True,True,USA-CA-037,0.0,runtime_missed_county_containment
nss_shelters-364865,364865,Village Church of Irvine,77 Post,IRVINE,ORANGE,CA,92618.0,CLOSED,state,USA-CA,,,USA-CA,0.0,0.0,False,False,,,zero_zero_bad_source_point
nss_shelters-350845,350845,WASHINGTON ELEMENTARY SCHOOL,290 LIGHTHOUSE RD,SANTA BARBARA,SANTA BARBARA,CA,93109.0,CLOSED,state,USA-CA,,,USA-CA,34.40007049,-119.72117531,True,False,USA-CA-083,0.013974234728262112,inside_state_far_from_any_county
nss_shelters-174559,174559,Westminster Senior Center,1234 Pacific Ave.,VENICE,LOS ANGELES,CA,90291.0,CLOSED,state,USA-CA,,,USA-CA,33.98973474,-118.47387572,True,True,USA-CA-037,0.0,runtime_missed_county_containment
nss_shelters-339404,339404,Whitethorn School,16851 Briceland Rd,WHITETHORN,HUMBOLDT,CA,95589.0,CLOSED,state,USA-CA,,,USA-CA,39.91878001,-123.94282833,False,False,USA-CA-045,0.001989900068585067,outside_state_but_near_claimed_state_county
nss_shelters-364745,364745,Will C. Wood High School,998 Marshall Rd,VACAVILLE,SOLANO,CA,95687.0,CLOSED,state,USA-CA,,,USA-CA,0.0,0.0,False,False,,,zero_zero_bad_source_point
nss_shelters-356796,356796,William E. Walker Recreation Center,650 Shell Blvd,FOSTER CITY,SAN MATEO,CA,94404.0,CLOSED,state,USA-CA,,,USA-CA,37.5571355,-122.2700916,True,True,USA-CA-081,0.0,runtime_missed_county_containment
nss_shelters-169540,169540,Willow Creek Academy,630 Nevada,SAUSALITO,MARIN,CA,94965.0,CLOSED,state,USA-CA,,,USA-CA,37.86413994,-122.50092286,True,True,USA-CA-041,0.0,runtime_missed_county_containment
nss_shelters-364757,364757,Willows City Hall,201 N Lassen St.,WILLOWS,GLENN,CA,95988.0,CLOSED,state,USA-CA,,,USA-CA,0.0,0.0,False,False,,,zero_zero_bad_source_point
nss_shelters-361782,361782,Woodlake Association,802 North Delaware St,SAN MATEO,SAN MATEO,CA,94401.0,CLOSED,state,USA-CA,,,USA-CA,37.5792517,-122.3315238,True,True,USA-CA-081,0.0,runtime_missed_county_containment
nss_shelters-364810,364810,Gunnison County Fairgrounds,275 South Spruce Street,GUNNISON,GUNNISON,CO,81230.0,CLOSED,state,USA-CO,,,USA-CO,0.0,0.0,False,False,,,zero_zero_bad_source_point
nss_shelters-364862,364862,TEP - Embassy Suites Loveland,4705 Clydesdale Pkwy,LOVELAND,LARIMER,CO,80538.0,CLOSED,state,USA-CO,,,USA-CO,0.0,0.0,False,False,,,zero_zero_bad_source_point
nss_shelters-364860,364860,TEP - Isle of Capri,401 Main St,BLACK HAWK,GILPIN,CO,80422.0,CLOSED,state,USA-CO,,,USA-CO,0.0,0.0,False,False,,,zero_zero_bad_source_point
nss_shelters-353945,353945,Eastern Civic Center,90 Harding Road,GREENWICH,FAIRFIELD,CT,6830.0,CLOSED,state,USA-CT,,,USA-CT,41.03569,-73.563,True,True,USA-CT-001,0.0,runtime_missed_county_containment
nss_shelters-349020,349020,Eastern Middle School,51 Hendrie Avenue,Riverside,FAIRFIELD,CT,6878.0,CLOSED,state,USA-CT,,,USA-CT,41.03343198,-73.58377379,True,True,USA-CT-001,0.0,runtime_missed_county_containment
nss_shelters-184048,184048,FORAN HIGH SCHOOL,80 FORAN ROAD,MILFORD,NEW HAVEN,CT,6460.0,CLOSED,state,USA-CT,,,USA-CT,41.21774776,-73.01269748,True,False,USA-CT-009,0.004435844282796548,inside_state_near_county_edge
nss_shelters-354139,354139,Riverside School,90 Hendrie Avenue,RIVERSIDE,FAIRFIELD,CT,6878.0,CLOSED,state,USA-CT,,,USA-CT,41.0329635,-73.5797321,True,True,USA-CT-001,0.0,runtime_missed_county_containment
nss_shelters-184579,184579,West Side Middle School,250 BANDEGEE ROAD,GROTON,NEW LONDON,CT,6340.0,CLOSED,state,USA-CT,,,USA-CT,41.34309636,-72.06883607,True,True,USA-CT-011,0.0,runtime_missed_county_containment
nss_shelters-183955,183955,Delaware National Guard - Delaware City Armory,Bacon health center,DELAWARE CITY,NEW CASTLE,DE,19706.0,CLOSED,state,USA-DE,,,USA-DE,39.57470118,-75.59363064,True,True,USA-DE-003,0.0,runtime_missed_county_containment
nss_shelters-183964,183964,Delmar Junior - Senior High School,200 N 8TH ST,DELMAR,SUSSEX,DE,19940.0,CLOSED,state,USA-MD,,,USA-MD,38.45788134,-75.56826492,True,False,USA-MD-045,0.0006496818159420734,inside_state_near_county_edge
nss_shelters-184274,184274,New Castle Middle School,903 DELAWARE ST,NEW CASTLE,NEW CASTLE,DE,19720.0,CLOSED,state,USA-DE,,,USA-DE,39.66377827,-75.57132607,True,True,USA-DE-003,0.0,runtime_missed_county_containment
nss_shelters-363441,363441,Advent Lutheran Church,300 E Yamato Rd,BOCA RATON,PALM BEACH,FL,33431.0,CLOSED,state,USA-FL,,,USA-FL,26.39328,-80.07998,True,True,USA-FL-099,0.0,runtime_missed_county_containment
nss_shelters-134889,134889,Alico Arena,12181 FGCU Lake Parkway E,FORT MYERS,LEE,FL,33913.0,CLOSED,state,USA-FL,,,USA-FL,26.63174718,-81.85709964,True,True,USA-FL-071,0.0,runtime_missed_county_containment
nss_shelters-344939,344939,Anna Maria Island Community Center,407 Magnolia Ave.,ANNA MARIA,MANATEE,FL,34217.0,CLOSED,state,USA-FL,,,USA-FL,27.528422,-82.732669,False,False,USA-FL-081,0.05998082339703617,outside_state_but_near_claimed_state_county
nss_shelters-134828,134828,Belleview Santos Elementary School,9600 S US HWY 441,BELLEVIEW,Palm Beach,FL,34420.0,CLOSED,state,USA-FL,,,USA-FL,26.70999318,-80.06437164,True,True,USA-FL-099,0.0,runtime_missed_county_containment
nss_shelters-360897,360897,Boy Scout Camp Monroe County,23800 Overseas Hwy,SUMMERLAND KEY,MONROE,FL,33042.0,CLOSED,state,USA-FL,,,USA-FL,24.6622528,-81.461005,False,False,USA-FL-087,0.012028645851452554,outside_state_but_near_claimed_state_county
nss_shelters-134796,134796,Boynton Beach Community High School,4975 Park Ridge Blvd,BOYNTON BEACH,PALM BEACH,FL,33426.0,CLOSED,state,USA-FL,,,USA-FL,26.54145976,-80.07654827,True,True,USA-FL-099,0.0,runtime_missed_county_containment
nss_shelters-359392,359392,Burton Memorial United Methodist Church,93001 Overseas Highway,TAVERNIER,MONROE,FL,33070.0,CLOSED,state,USA-FL,,,USA-FL,25.0236049,-80.50909569,False,False,USA-FL-087,0.11344555706546151,outside_state_but_near_claimed_state_county
nss_shelters-134743,134743,CEDAR KEY HIGH SCHOOL,951 WHIDDON AVE,CEDAR KEY,LEVY,FL,32625.0,CLOSED,state,USA-FL,,,USA-FL,29.13940325,-83.0385553,False,False,USA-FL-075,0.05204321854573302,outside_state_but_near_claimed_state_county
nss_shelters-135236,135236,Cedar Key Community Center,809 6th Street,CEDAR KEY,LEVY,FL,32625.0,CLOSED,state,USA-FL,,,USA-FL,29.13775749,-83.03705343,False,False,USA-FL-075,0.052982117694122255,outside_state_but_near_claimed_state_county
nss_shelters-344907,344907,Chapel By The Sea Presbyterian Church,100 Chapel Street,FORT MYERS BEACH,LEE,FL,33931.0,CLOSED,state,USA-FL,,,USA-FL,26.449443,-81.942985,False,False,USA-FL-071,0.005171871104431603,outside_state_but_near_claimed_state_county
nss_shelters-347600,347600,Christ Episcopal Church,400 San Juan Drive,PONTE VEDRA BEACH,SAINT JOHNS,FL,32082.0,CLOSED,state,USA-FL,,,USA-FL,30.22770656,-81.38002611,True,True,USA-FL-109,0.0,runtime_missed_county_containment
nss_shelters-135219,135219,Coral Shores High School,89901 OLD HWY,TAVERNIER,MONROE,FL,33070.0,CLOSED,state,USA-FL,,,USA-FL,24.99169408,-80.53974408,True,False,USA-FL-087,0.15762609636449418,inside_state_far_from_any_county
nss_shelters-347670,347670,Cultural Center of Charlotte County,2280 Aaron St,PT CHARLOTTE,CHARLOTTE,FL,33952.0,CLOSED,state,USA-FL,,,USA-FL,26.593439,-82.055673,False,False,USA-FL-071,0.008667790634959488,outside_state_but_near_claimed_state_county
nss_shelters-70853,70853,Edison Center Special Needs,2645 Cortez Blvd.,FORT MYERS,LEE,FL,33901.0,CLOSED,state,USA-FL,,,USA-FL,26.6292246,-81.87831297,True,True,USA-FL-071,0.0,runtime_missed_county_containment
nss_shelters-134575,134575,Espiritu De Santo Catholic Church,2405 Phillipe Parkway,SAFETY HARBOR,PINELLAS,FL,34695.0,CLOSED,state,USA-FL,,,USA-FL,28.00882056,-82.68402457,True,True,USA-FL-103,0.0,runtime_missed_county_containment
nss_shelters-134530,134530,FIRST BAPTIST CHURCH (JAX Beach),324 N 5TH ST,JACKSONVILLE BEACH,DUVAL,FL,32250.0,CLOSED,state,USA-FL,,,USA-FL,30.29084122,-81.3946396,True,True,USA-FL-031,0.0,runtime_missed_county_containment
nss_shelters-363447,363447,First Baptist Church,127 South St,LAKE WORTH,PALM BEACH,FL,33460.0,CLOSED,state,USA-FL,,,USA-FL,26.61381,-80.06159,True,True,USA-FL-099,0.0,runtime_missed_county_containment
nss_shelters-345259,345259,First Baptist Church Of Fort Myers Beach,130 Connecticut Street,FORT MYERS BEACH,LEE,FL,33931.0,CLOSED,state,USA-FL,,,USA-FL,26.442968,-81.929891,False,False,USA-FL-071,0.005258820951937177,outside_state_but_near_claimed_state_county
nss_shelters-336349,336349,First Baptist Church of Hypoluxo,7479 Overlook Road,LANTANA,PALM BEACH,FL,33462.0,CLOSED,state,USA-FL,,,USA-FL,26.56511193,-80.05821109,True,True,USA-FL-099,0.0,runtime_missed_county_containment
nss_shelters-134465,134465,First Presbyterian Church,2438 2ND ST,FORT MYERS,LEE,FL,33901.0,CLOSED,state,USA-FL,,,USA-FL,26.6439375,-81.86608219,True,True,USA-FL-071,0.0,runtime_missed_county_containment
nss_shelters-342646,342646,First United Methodist Church,118 KINGS ST,SAINT AUGUSTINE,SAINT JOHNS,FL,32084.0,CLOSED,state,USA-FL,,,USA-FL,29.8917041,-81.3181991,True,True,USA-FL-109,0.0,runtime_missed_county_containment
nss_shelters-344918,344918,First United Methodist Church,2466 First St,FORT MYERS,LEE,FL,33901.0,CLOSED,state,USA-FL,,,USA-FL,26.645648,-81.866171,True,True,USA-FL-071,0.0,runtime_missed_county_containment
nss_shelters-336355,336355,First United Methodist Church of Jupiter,815 E.Indiantown Road,JUPITER,PALM BEACH,FL,33477.0,CLOSED,state,USA-FL,,,USA-FL,26.93393289,-80.0778253,True,True,USA-FL-099,0.0,runtime_missed_county_containment
nss_shelters-134425,134425,Flagler Recreation Center,201 SW Flagler Avenue,STUART,MARTIN,FL,34994.0,CLOSED,state,USA-FL,,,USA-FL,27.200411,-80.2558461,True,True,USA-FL-085,0.0,runtime_missed_county_containment
nss_shelters-134416,134416,Florida Gulf Coast University,10501 FGCU (FLORIDA GULF COAST UNIVERSITY) BLVD S,FORT MYERS,Lee,FL,33965.0,CLOSED,state,USA-FL,,,USA-FL,26.63174718,-81.85709964,True,True,USA-FL-071,0.0,runtime_missed_county_containment
nss_shelters-134412,134412,Forest Hill High School,6901 Parker Ave,West Palm Beach,PALM BEACH,FL,33405.0,CLOSED,state,USA-FL,,,USA-FL,26.65449554,-80.06389481,True,True,USA-FL-099,0.0,runtime_missed_county_containment
nss_shelters-70971,70971,Fort Pierce Community Center,700 N. Indian River Drive,FORT PIERCE,SAINT LUCIE,FL,34945.0,CLOSED,state,USA-FL,,,USA-FL,27.45489215,-80.32497698,True,False,USA-FL-111,0.00032508676338474234,inside_state_near_county_edge
nss_shelters-336364,336364,Gaines Park - Community Center,1501 N. Australian Avenue,WEST PALM BCH,PALM BEACH,FL,33401.0,CLOSED,state,USA-FL,,,USA-FL,26.72666614,-80.06662874,True,True,USA-FL-099,0.0,runtime_missed_county_containment
nss_shelters-351079,351079,Gertrude Walden Child Care,601 SE Lake St,STUART,MARTIN,FL,34994.0,CLOSED,state,USA-FL,,,USA-FL,27.1928136,-80.2443325,True,True,USA-FL-085,0.0,runtime_missed_county_containment
nss_shelters-134378,134378,Gifford Middle School,4530 28th Ct,VERO BEACH,INDIAN RIVER,FL,32967.0,CLOSED,state,USA-FL,,,USA-FL,27.67552282,-80.41439657,True,True,USA-FL-061,0.0,runtime_missed_county_containment
nss_shelters-340404,340404,Grant Chapel African Methodist Church,1616 Douglas Street,LAKE WORTH,PALM BEACH,FL,33460.0,CLOSED,state,USA-FL,,,USA-FL,26.59557197,-80.05614265,True,True,USA-FL-099,0.0,runtime_missed_county_containment
nss_shelters-360892,360892,Guidance Center of Marathon,3000 Ocean Terrace,MARATHON,MONROE,FL,33050.0,CLOSED,state,USA-FL,,,USA-FL,24.71127,-81.087159,False,False,USA-FL-087,0.0007001985317694915,outside_state_but_near_claimed_state_county
nss_shelters-70851,70851,Harborside Events Center Special Needs,1375 Monroe St.,FORT MYERS,LEE,FL,33901.0,CLOSED,state,USA-FL,,,USA-FL,26.64415334,-81.8723055,True,True,USA-FL-071,0.0,runtime_missed_county_containment
nss_shelters-134316,134316,Highlands Elementary School,500 20th St SW,VERO BEACH,INDIAN RIVER,FL,32962.0,CLOSED,state,USA-FL,,,USA-FL,27.56782002,-80.38301023,True,True,USA-FL-061,0.0,runtime_missed_county_containment
nss_shelters-347614,347614,Holy Spirit Episcopal Church,1003 Allendale Road,WEST PALM BEACH,PALM BEACH,FL,33405.0,CLOSED,state,USA-FL,,,USA-FL,26.687008,-80.065102,True,True,USA-FL-099,0.0,runtime_missed_county_containment
nss_shelters-336466,336466,Howard Park Community Center,1302 Parker Ave,WEST PALM BEACH,PALM BEACH,FL,33401.0,CLOSED,state,USA-FL,,,USA-FL,26.70219558,-80.06158355,True,True,USA-FL-099,0.0,runtime_missed_county_containment
nss_shelters-134285,134285,IMMACULATE CONCEPTION PARISH,3780 SOUTH A1A,Saint Augustine,Saint Johns,FL,32095.0,CLOSED,state,USA-FL,,,USA-FL,29.82642786,-81.27182061,False,False,USA-FL-109,0.027252167004486513,outside_state_but_near_claimed_state_county
nss_shelters-134426,134426,INACTIVE Flagler Beach United Methodist,1520 S. Daytona Ave,FLAGLER BEACH,FLAGLER,FL,32136.0,CLOSED,state,USA-FL,,,USA-FL,29.46782666,-81.12345803,True,True,USA-FL-035,0.0,runtime_missed_county_containment
nss_shelters-358559,358559,INACTIVE Ocean Center- General Population,101 N Atlantic Ave,DAYTONA BEACH,VOLUSIA,FL,32118.0,CLOSED,state,USA-FL,,,USA-FL,29.2284566,-81.0110611,True,True,USA-FL-127,0.0,runtime_missed_county_containment
nss_shelters-133642,133642,INACTIVE Venice/nokomis United Methodist Church,208 PALM AVENUE,NOKOMIS,SARASOTA,FL,34275.0,CLOSED,state,USA-FL,,,USA-FL,27.11983174,-82.45460752,False,False,USA-FL-115,0.002570414610962035,outside_state_but_near_claimed_state_county
nss_shelters-134260,134260,JD Parker Elementary School,1050 E 10th Street,STUART,MARTIN,FL,34994.0,CLOSED,state,USA-FL,,,USA-FL,27.19010371,-80.23446968,True,True,USA-FL-085,0.0,runtime_missed_county_containment
nss_shelters-346501,346501,Karen Bird Elementary School,1501 50th St Ct N,BRADENTON BEACH,MANATEE,FL,34218.0,CLOSED,state,USA-FL,,,USA-FL,27.4650295,-82.6986001,False,False,USA-FL-081,0.008697542369309337,outside_state_but_near_claimed_state_county
nss_shelters-346504,346504,Karen Bird High School,101 No See-Um Rd.,BRADENTON BEACH,MANATEE,FL,34218.0,CLOSED,state,USA-FL,,,USA-FL,27.4650295,-82.6986001,False,False,USA-FL-081,0.008697542369309337,outside_state_but_near_claimed_state_county
nss_shelters-346502,346502,Karen Bird Middle School,904 15th Ave Cir Dr SW,BRADENTON BEACH,MANATEE,FL,34218.0,CLOSED,state,USA-FL,,,USA-FL,27.4650295,-82.6986001,False,False,USA-FL-081,0.008697542369309337,outside_state_but_near_claimed_state_county
nss_shelters-346505,346505,Karen Bird Pre-School,773-F Bradenton Beach Ln,BRADENTON BEACH,MANATEE,FL,34218.0,CLOSED,state,USA-FL,,,USA-FL,27.4650295,-82.6986001,False,False,USA-FL-081,0.008697542369309337,outside_state_but_near_claimed_state_county
nss_shelters-346503,346503,Karen Bird University,7682 Karen Bird Blvd.,BRADENTON BEACH,MANATEE,FL,34218.0,CLOSED,state,USA-FL,,,USA-FL,27.4650295,-82.6986001,False,False,USA-FL-081,0.008697542369309337,outside_state_but_near_claimed_state_county
nss_shelters-346797,346797,Kinlock Park MS,4340 NW 3RD ST,MIAMI,MIAMI-DADE,FL,33132.0,CLOSED,state,USA-FL,,,USA-FL,25.77936937,-80.17762015,False,False,USA-FL-086,0.01120360270960949,outside_state_but_near_claimed_state_county
nss_shelters-134208,134208,Lake Worth Middle School,1300 Barnett Dr,LAKE WORTH,Palm Beach,FL,33460.0,CLOSED,state,USA-FL,,,USA-FL,26.63038472,-80.07043288,True,True,USA-FL-099,0.0,runtime_missed_county_containment
nss_shelters-345186,345186,Liberty Magnet School - Pets,6850  81st Street,Vero Beach,Indian River,FL,32967.0,CLOSED,state,USA-FL,,,USA-FL,27.7425284,-80.4664387,True,True,USA-FL-061,0.0,runtime_missed_county_containment
nss_shelters-134099,134099,MILLVILLE ELEMENTARY SCHOOL,203 N EAST AVE,PANAMA CITY,BAY,FL,32401.0,CLOSED,state,USA-FL,,,USA-FL,30.15071785,-85.62516734,True,True,USA-FL-005,0.0,runtime_missed_county_containment
nss_shelters-340647,340647,Merriam Cherry Street Elementary School,1125 Cherry St,PANAMA CITY,Bay,FL,32401.0,CLOSED,state,USA-FL,,,USA-FL,30.14597719,-85.64547717,True,True,USA-FL-005,0.0,runtime_missed_county_containment
nss_shelters-134101,134101,Miller Elementary,601 43rd St W,Bradenton,Manatee,FL,34209.0,CLOSED,state,USA-FL,,,USA-FL,27.49482246,-82.60386021,True,True,USA-FL-081,0.0,runtime_missed_county_containment
nss_shelters-134091,134091,Moose #1282,2454 SE Indian Street,STUART,MARTIN,FL,34995.0,CLOSED,state,USA-FL,,,USA-FL,27.16873687,-80.21979228,True,True,USA-FL-085,0.0,runtime_missed_county_containment
nss_shelters-330260,330260,Mulberry Middle School,500 Se 9Th Ave.,Mulberry,Polk,FL,33860.0,CLOSED,state,USA-FL,,,USA-FL,0.0,0.0,False,False,,,zero_zero_bad_source_point
nss_shelters-135049,135049,North Grade Elementary School,824 N K St,LAKE WORTH,Palm Beach,FL,33460.0,CLOSED,state,USA-FL,,,USA-FL,26.6253755,-80.05503648,True,True,USA-FL-099,0.0,runtime_missed_county_containment
nss_shelters-134008,134008,OCHLOCKONEE BAY UNITED METHODIST CHURCH,2780 SURF RD,Panacea,Wakulla,FL,32346.0,CLOSED,state,USA-FL,,,USA-FL,29.98070102,-84.38954383,True,True,USA-FL-129,0.0,runtime_missed_county_containment
nss_shelters-340736,340736,Oakland Terrace Elementary School,2010 W. 12th St,PANAMA CITY,BAY,FL,32401.0,CLOSED,state,USA-FL,,,USA-FL,30.17001021,-85.6916156,True,True,USA-FL-005,0.0,runtime_missed_county_containment
nss_shelters-358560,358560,Ocean Center,101 N Atlantic Ave,Daytona Beach,Volusia,FL,32118.0,CLOSED,state,USA-FL,,,USA-FL,29.2284566,-81.0110611,True,True,USA-FL-127,0.0,runtime_missed_county_containment
nss_shelters-336494,336494,Our Savior Lutheran Church - Lake Worth,1615 Lake Avenue,LAKE WORTH,PALM BEACH,FL,33463.0,CLOSED,state,USA-FL,,,USA-FL,26.61609449,-80.06434447,True,True,USA-FL-099,0.0,runtime_missed_county_containment
nss_shelters-363870,363870,Parker Community Center,935 W. Park St.,PARKER,BAY,FL,32404.0,CLOSED,state,USA-FL,,,USA-FL,30.12976,-85.60514,True,True,USA-FL-005,0.0,runtime_missed_county_containment
nss_shelters-133960,133960,Pelican Island Elementary,1355 Schumann Dr,SEBASTIAN,INDIAN RIVER,FL,32958.0,CLOSED,state,USA-FL,,,USA-FL,27.76290995,-80.46429096,True,True,USA-FL-061,0.0,runtime_missed_county_containment
nss_shelters-360745,360745,Percy Peak Gym,2902 D St.,FORT PIERCE,SAINT LUCIE,FL,34947.0,CLOSED,state,USA-FL,,,USA-FL,27.48094,-80.3416,True,True,USA-FL-111,0.0,runtime_missed_county_containment
nss_shelters-330128,330128,Remove Trinity United Methodist Church,3200 Manatee Ave E,BRADENTON,MANATEE,FL,34205.0,CLOSED,state,USA-FL,,,USA-FL,27.49564043,-82.59364271,True,True,USA-FL-081,0.0,runtime_missed_county_containment
nss_shelters-133868,133868,Royal Palm Exceptional Center,3050 INDIAN ST,FORT MYERS,LEE,FL,33916.0,CLOSED,state,USA-FL,,,USA-FL,26.64468394,-81.85130633,True,True,USA-FL-071,0.0,runtime_missed_county_containment
nss_shelters-70958,70958,SAFETY HARBOR MIDDLE SCHOOL,125 7TH ST N,SAFETY HARBOR,PINELLAS,FL,34695.0,CLOSED,state,USA-FL,,,USA-FL,27.99728226,-82.68834132,True,True,USA-FL-103,0.0,runtime_missed_county_containment
nss_shelters-133828,133828,SAINT PAUL'S BY THE SEA EPISCOPAL CHURCH- INACTIVE,465 11TH AVE N,JACKSONVILLE BEACH,DUVAL,FL,32250.0,CLOSED,state,USA-FL,,,USA-FL,30.29904303,-81.39590764,True,True,USA-FL-031,0.0,runtime_missed_county_containment
nss_shelters-340742,340742,Saint Andrew's Episcopal Church,100 North Palmway,LAKE WORTH,PALM BEACH,FL,33460.0,CLOSED,state,USA-FL,,,USA-FL,26.6165579,-80.0503802,True,True,USA-FL-099,0.0,runtime_missed_county_containment
nss_shelters-336556,336556,Saint Francis of Assisi Catholic Church,200 W. 20th Street,RIVIERA BEACH,PALM BEACH,FL,33404.0,CLOSED,state,USA-FL,,,USA-FL,26.77893473,-80.05892155,True,True,USA-FL-099,0.0,runtime_missed_county_containment
nss_shelters-340545,340545,Salem Haitian Evangelical Lutheran Church,1012 Dixie Hwy,LAKE WORTH,PALM BEACH,FL,33460.0,CLOSED,state,USA-FL,,,USA-FL,26.6031326,-80.0577713,True,True,USA-FL-099,0.0,runtime_missed_county_containment
nss_shelters-334146,334146,"Salvation Army, Red Shield Lodge",2476 Edison Avenue,FORT MYERS,LEE,FL,33916.0,CLOSED,state,USA-FL,,,USA-FL,26.63353289,-81.86264998,True,True,USA-FL-071,0.0,runtime_missed_county_containment
nss_shelters-134974,134974,Sebastian River High School,9001 90th Ave,SEBASTIAN,INDIAN RIVER,FL,32958.0,CLOSED,state,USA-FL,,,USA-FL,27.82653698,-80.47616201,False,True,USA-FL-061,0.0,runtime_missed_county_containment
nss_shelters-346700,346700,South Dade High School,28401 SW 167th Ave,HOMESTEAD,MIAMI-DADE,FL,33030.0,CLOSED,state,USA-FL,,,USA-FL,25.77936937,-80.17762015,False,False,USA-FL-086,0.01120360270960949,outside_state_but_near_claimed_state_county
nss_shelters-360763,360763,St Johns County Health and Human Services (Special Needs),200 San Sebastian View,St. Augustine,SAINT JOHNS,FL,32084.0,CLOSED,state,USA-FL,,,USA-FL,29.93165275,-81.33184615,True,True,USA-FL-109,0.0,runtime_missed_county_containment
nss_shelters-336573,336573,St Paul Episcopal Church of Delray,188 South Swinton Ave,DELRAY BEACH,PALM BEACH,FL,33444.0,CLOSED,state,USA-FL,,,USA-FL,26.45750805,-80.07302292,True,True,USA-FL-099,0.0,runtime_missed_county_containment
nss_shelters-351560,351560,St. Alban's Episcopal Church,330 85th Ave,ST PETE BCH,PINELLAS,FL,33706.0,CLOSED,state,USA-FL,,,USA-FL,27.7496387,-82.7549294,False,False,USA-FL-103,0.0019094167945743487,outside_state_but_near_claimed_state_county
nss_shelters-344979,344979,St. Hilary's Episcopal Church,5011 McGregor Boulevard,FORT MYERS,LEE,FL,33901.0,CLOSED,state,USA-FL,,,USA-FL,26.597312,-81.889216,True,True,USA-FL-071,0.0,runtime_missed_county_containment
nss_shelters-344984,344984,St. Peter Evangelical Lutheran Church,3751 Estero Blvd,FORT MYERS BEACH,LEE,FL,33931.0,CLOSED,state,USA-FL,,,USA-FL,26.441755,-81.927938,False,False,USA-FL-071,0.004737573146265132,outside_state_but_near_claimed_state_county
nss_shelters-134948,134948,Sugarloaf School,255 CRANE BLVD,SUMMERLAND KEY,MONROE,FL,33042.0,CLOSED,state,USA-FL,,,USA-FL,24.6796743,-81.55837916,True,True,USA-FL-087,0.0,runtime_missed_county_containment
nss_shelters-340314,340314,Sunlight Community Church,1325 North A. Street,LAKE WORTH,PALM BEACH,FL,33460.0,CLOSED,state,USA-FL,,,USA-FL,26.63239021,-80.06451534,True,True,USA-FL-099,0.0,runtime_missed_county_containment
nss_shelters-70959,70959,TARPON SPRINGS MIDDLE SCHOOL,501 N FLORIDA AVE,TARPON SPRINGS,PINELLAS,FL,34689.0,CLOSED,state,USA-FL,,,USA-FL,28.15100337,-82.78145712,True,True,USA-FL-103,0.0,runtime_missed_county_containment
nss_shelters-360779,360779,TEST - Island Christian School,83400 Overseas Hwy,Islamorada,Monroe,FL,33036.0,CLOSED,state,USA-FL,,,USA-FL,24.933365,-80.6185,False,False,USA-FL-086,0.2488099159949352,outside_state_but_near_claimed_state_county
nss_shelters-331790,331790,THE SOURCE,1015 COMMERCE AVENUE,Vero Beach,Indian River,FL,32961.0,CLOSED,state,USA-FL,,,USA-FL,27.61989976,-80.38964723,True,True,USA-FL-061,0.0,runtime_missed_county_containment
nss_shelters-347488,347488,Tabernacle Missionary Baptist Church,801 8th Street,WEST PALM BCH,PALM BEACH,FL,33401.0,CLOSED,state,USA-FL,,,USA-FL,26.7208457,-80.05941428,True,True,USA-FL-099,0.0,runtime_missed_county_containment
nss_shelters-332715,332715,Unitarian Universalists Of Clearwater,2470 Nursery Rd,CLEARWATER,PINELLAS,FL,33764.0,CLOSED,state,USA-FL,,,USA-FL,27.79671076,-82.6328991,False,False,USA-FL-103,0.0003595082043480878,outside_state_but_near_claimed_state_county
nss_shelters-133636,133636,VBHS Freshman Learning Center,1507 19th Street,Vero Beach,Indian River,FL,32960.0,CLOSED,state,USA-FL,,,USA-FL,27.635362,-80.401439,True,True,USA-FL-061,0.0,runtime_missed_county_containment
nss_shelters-133644,133644,VENICE COMMUNITY CENTER,326 NOKOMIS AVENUE S,VENICE,SARASOTA,FL,34285.0,CLOSED,state,USA-FL,,,USA-FL,27.09555904,-82.4454884,True,True,USA-FL-115,0.0,runtime_missed_county_containment
nss_shelters-344059,344059,Verizon,11287 OVERSEAS HWY,MARATHON,MONROE,FL,33050.0,CLOSED,state,USA-FL,,,USA-FL,24.729117,-81.034126,False,True,USA-FL-087,0.0,runtime_missed_county_containment
nss_shelters-133637,133637,Vero Beach Elementary School,1770 12th Street,VERO BEACH,INDIAN RIVER,FL,32960.0,CLOSED,state,USA-FL,,,USA-FL,27.63082652,-80.4026874,True,True,USA-FL-061,0.0,runtime_missed_county_containment
nss_shelters-336578,336578,Wells Recreation Center,2409 Avenue H West,RIVIERA BEACH,PALM BEACH,FL,33404.0,CLOSED,state,USA-FL,,,USA-FL,26.78188451,-80.06384984,True,True,USA-FL-099,0.0,runtime_missed_county_containment
nss_shelters-134915,134915,West Port High School,3733 SW 80th AVE,Ocala,Marion,FL,34481.0,CLOSED,state,USA-FL,,,USA-FL,26.45910018,-80.08303764,True,True,USA-FL-099,0.0,runtime_missed_county_containment
nss_shelters-363492,363492,Blythe Island Baptist Church,170 Cut-Off Road,BRUNSWICK,GLYNN,GA,31523.0,CLOSED,state,USA-GA,,,USA-GA,31.1770792,-81.540107,True,True,USA-GA-127,0.0,runtime_missed_county_containment
nss_shelters-358567,358567,Seldon Park,100 Genoa Martin Drive,Brunswick,GLYNN,GA,31520.0,CLOSED,state,USA-GA,,,USA-GA,31.172323,-81.508094,True,True,USA-GA-127,0.0,runtime_missed_county_containment
nss_shelters-140729,140729,YMCA - Tybee Island Branch,305 5th Avenue,TYBEE ISLAND,CHATHAM,GA,31328.0,CLOSED,state,USA-GA,,,USA-GA,32.0125123,-80.84540565,True,True,USA-GA-051,0.0,runtime_missed_county_containment
nss_shelters-353322,353322,Asan-Maina Community Center,141 Nino Perdido Dr.,ASAN,GUAM,GU,96910.0,CLOSED,state,USA-GU,,,USA-GU,13.4726593,144.7196388,True,False,,,no_county_bank_for_state
nss_shelters-346449,346449,FQ Sanchez Elementary School,159 San Dinosio,HAGATNA,GUAM,GU,96932.0,CLOSED,state,USA-GU,,,USA-GU,13.29920277,144.66352324,True,False,,,no_county_bank_for_state
nss_shelters-353267,353267,Francisco Q. Sanchez Elementary,159 San Dioniso,MERIZO,GUAM,GU,96916.0,CLOSED,state,USA-GU,,,USA-GU,13.2993052,144.6632668,True,False,,,no_county_bank_for_state
nss_shelters-71017,71017,IMS,433 Belen Ave,Merizo,GUAM,GU,96916.0,CLOSED,state,USA-GU,,,USA-GU,13.27293961,144.74626195,True,False,,,no_county_bank_for_state
nss_shelters-353326,353326,Inarajan Community Center,San Jose Ave.,INARAJAN,GUAM,GU,96917.0,CLOSED,state,USA-GU,,,USA-GU,13.2749977,144.7483081,True,False,,,no_county_bank_for_state
nss_shelters-353328,353328,Merizo Community Center,"Lot 2 Historic Site 66061123, Route 4",MERIZO,GUAM,GU,96915.0,CLOSED,state,USA-GU,,,USA-GU,13.25499858,144.68192364,False,False,,,no_county_bank_for_state
nss_shelters-71021,71021,Merizo MMES,J.A. Cruz Avenue At Pigua Street,Merizo,GUAM,GU,96915.0,CLOSED,state,USA-GU,,,USA-GU,13.27230905,144.67307408,True,False,,,no_county_bank_for_state
nss_shelters-353332,353332,Umatac Community Center,159 San Dionicio St.,UMATAC,GUAM,GU,96915.0,CLOSED,state,USA-GU,,,USA-GU,13.29972405,144.662546,True,False,,,no_county_bank_for_state
nss_shelters-338256,338256,Ala Moana Regional Park,1201 Ala Moana Blvd,HONOLULU,HONOLULU,HI,96814.0,CLOSED,state,USA-HI,,,USA-HI,21.2920811,-157.85231855,True,True,USA-HI-003,0.0,runtime_missed_county_containment
nss_shelters-337408,337408,Ala Wai Community Park,2015 Kapiolani Blvd.,HONOLULU,HONOLULU,HI,96826.0,CLOSED,state,USA-HI,,,USA-HI,21.28934716,-157.83211978,True,True,USA-HI-003,0.0,runtime_missed_county_containment
nss_shelters-335555,335555,Ala Wai Golf Club House,404 Kapahulu Ave.,HONOLULU,HONOLULU,HI,96815.0,CLOSED,state,USA-HI,,,USA-HI,21.27412164,-157.81619278,True,True,USA-HI-003,0.0,runtime_missed_county_containment
nss_shelters-138843,138843,Aliiolani Elementary,1240 7th Ave,HONOLULU,HONOLULU,HI,96816.0,CLOSED,state,USA-HI,,,USA-HI,21.28632544,-157.8042318,True,True,USA-HI-003,0.0,runtime_missed_county_containment
nss_shelters-337658,337658,Aliiolani Elementary Medical Shelter,1240  7th Ave.,HONOLULU,HONOLULU,HI,96816.0,CLOSED,state,USA-HI,,,USA-HI,21.28632544,-157.8042318,True,True,USA-HI-003,0.0,runtime_missed_county_containment
nss_shelters-339866,339866,Breath of Life,4303 Rice Street,LIHUE,KAUAI,HI,96766.0,CLOSED,state,USA-HI,,,USA-HI,21.9683263,-159.35855704,True,True,USA-HI-007,0.0,runtime_missed_county_containment
nss_shelters-138756,138756,Brigham Young University Hawaii,55-220 Kulanui St,LAIE,HONOLULU,HI,96762.0,CLOSED,state,USA-HI,,,USA-HI,21.64719639,-157.92457008,True,False,USA-HI-003,0.007805438174759478,inside_state_near_county_edge
nss_shelters-337660,337660,Brigham Young University Hawaii Medical Shelter,55-220 Kulanui,LAIE,HONOLULU,HI,96762.0,CLOSED,state,USA-HI,,,USA-HI,21.64719639,-157.92457008,True,False,USA-HI-003,0.007805438174759478,inside_state_near_county_edge
nss_shelters-138672,138672,Campbell High,91-980 North Rd,EWA BEACH,HONOLULU,HI,96706.0,CLOSED,state,USA-HI,,,USA-HI,21.31238197,-158.0100966,False,False,USA-HI-003,0.0009189521167688181,outside_state_but_near_claimed_state_county
nss_shelters-349165,349165,Elaine Chang Foundation (Ohana Family of the Living God,54-230 Kamehameha Hwy.,HAUULA,HONOLULU,HI,96717.0,CLOSED,state,USA-HI,,,USA-HI,21.620535,-157.914399,False,False,USA-HI-003,0.001317657136224098,outside_state_but_near_claimed_state_county
nss_shelters-336570,336570,Epiphany Church,1041 10th Ave,HONOLULU,HONOLULU,HI,96816.0,CLOSED,state,USA-HI,,,USA-HI,21.28121729,-157.80263101,True,True,USA-HI-003,0.0,runtime_missed_county_containment
nss_shelters-333241,333241,Haiku Elementary,105 Pauwela Rd,HAIKU,MAUI,HI,96708.0,CLOSED,state,USA-HI,,,USA-HI,20.92768481,-156.32258976,True,True,USA-HI-009,0.0,runtime_missed_county_containment
nss_shelters-345109,345109,Hakalau Gym,29-2147 Gov't Main Rd.,HAKALAU,HAWAII,HI,96710.0,CLOSED,state,USA-HI,,,USA-HI,19.897599,-155.125538,False,True,USA-HI-001,0.0,runtime_missed_county_containment
nss_shelters-349960,349960,Hana Community Center,5091 Uakea Rd.,HANA MAUI,MAUI,HI,96713.0,CLOSED,state,USA-HI,,,USA-HI,20.7531989,-155.9843673,False,False,USA-HI-009,0.009456979780657758,outside_state_but_near_claimed_state_county
nss_shelters-138683,138683,Hana High School,4111 Hana Highway,Hana,MAUI,HI,96713.0,CLOSED,state,USA-HI,,,USA-HI,20.70566918,-155.995956,False,False,USA-HI-009,0.0055846266291457525,outside_state_but_near_claimed_state_county
nss_shelters-340543,340543,Hauula Community Park,54-050 Kamehameha Hwy,HAUULA,HONOLULU,HI,96717.0,CLOSED,state,USA-HI,,,USA-HI,21.6073867,-157.9082747,True,True,USA-HI-003,0.0,runtime_missed_county_containment
nss_shelters-138839,138839,Hawaii Convention Center,1801 Kalakaua Avenue,Honolulu,HONOLULU,HI,96815.0,CLOSED,state,USA-HI,,,USA-HI,21.28866368,-157.83464687,True,True,USA-HI-003,0.0,runtime_missed_county_containment
nss_shelters-342851,342851,Hawaii Convention Center Medical Shelter,1801 Kalakaua Ave.,HONOLULU,HONOLULU,HI,96815.0,CLOSED,state,USA-HI,,,USA-HI,21.290019,-157.8354571,True,True,USA-HI-003,0.0,runtime_missed_county_containment
nss_shelters-138838,138838,Hawaii School for Deaf and Blind,3440 Leahi Ave,HONOLULU,HONOLULU,HI,96815.0,CLOSED,state,USA-HI,,,USA-HI,21.27353708,-157.81605789,True,True,USA-HI-003,0.0,runtime_missed_county_containment
nss_shelters-349959,349959,Helene Hall,150 Keawa Pl.,HANA,MAUI,HI,96713.0,CLOSED,state,USA-HI,,,USA-HI,20.7557028,-155.9852351,True,False,USA-HI-009,0.009157562369523252,inside_state_near_county_edge
nss_shelters-339528,339528,Holy Trinity Catholic Church,5919 Kalanianaole Hwy,HONO,HONOLULU,HI,96821.0,CLOSED,state,USA-HI,,,USA-HI,21.2835204,-157.7290675,False,False,USA-HI-003,0.0005120666101089766,outside_state_but_near_claimed_state_county
nss_shelters-359826,359826,Iolani High School,563 Kamoku Street,HONOLULU,HONOLULU,HI,96826.0,CLOSED,state,USA-HI,,,USA-HI,21.2854286,-157.8231665,True,True,USA-HI-003,0.0,runtime_missed_county_containment
nss_shelters-332986,332986,KAPAA NEIGHBORHOOD CENTER,4491 KOU STREET,Kapaa,Kauai,HI,96746.0,CLOSED,state,USA-HI,,,USA-HI,22.07958143,-159.3136539,False,False,USA-HI-007,0.009059842084299392,outside_state_but_near_claimed_state_county
nss_shelters-334470,334470,Kahala Community Park,4495 Pahoa Ave,HONOLULU,HONOLULU,HI,96816.0,CLOSED,state,USA-HI,,,USA-HI,21.2725838,-157.78299881,True,True,USA-HI-003,0.0,runtime_missed_county_containment
nss_shelters-345098,345098,Kahala Elementary,4559 Kilauea Ave,HONOLULU,HONOLULU,HI,96816.0,CLOSED,state,USA-HI,,,USA-HI,21.273534,-157.7846,True,True,USA-HI-003,0.0,runtime_missed_county_containment
nss_shelters-337717,337717,Kahala Elementary Medical Shelter,4559 Kilauea Ave.,HONOLULU,HONOLULU,HI,96816.0,CLOSED,state,USA-HI,,,USA-HI,21.27372594,-157.78532805,True,True,USA-HI-003,0.0,runtime_missed_county_containment
nss_shelters-138699,138699,Kahuku High and Intermediate,56-490 Kamehameha Hwy,KAHUKU,HONOLULU,HI,96731.0,CLOSED,state,USA-HI,,,USA-HI,21.67697294,-157.94839312,True,False,USA-HI-003,0.0009184500712744566,inside_state_near_county_edge
nss_shelters-337719,337719,Kahuku High and Intermediate Medical Shelter,56-490 Kamehameha Hwy.,KAHUKU,HONOLULU,HI,96731.0,CLOSED,state,USA-HI,,,USA-HI,21.67697294,-157.94839312,True,False,USA-HI-003,0.0009184500712744566,inside_state_near_county_edge
nss_shelters-341453,341453,Kaimuki Community Park,3521 Waialae Ave.,HON,HONOLULU,HI,96816.0,CLOSED,state,USA-HI,,,USA-HI,21.28302,-157.800851,True,True,USA-HI-003,0.0,runtime_missed_county_containment
nss_shelters-138847,138847,Kaimuki High,2705 Kaimuki Ave,HONOLULU,HONOLULU,HI,96816.0,CLOSED,state,USA-HI,,,USA-HI,21.28833093,-157.81636366,True,True,USA-HI-003,0.0,runtime_missed_county_containment
nss_shelters-342925,342925,Kaimuki High Medical Shelter,2705 Kaimuki Ave.,HONOLULU,HONOLULU,HI,96816.0,CLOSED,state,USA-HI,,,USA-HI,21.285906,-157.817523,True,True,USA-HI-003,0.0,runtime_missed_county_containment
nss_shelters-337750,337750,Kaimuki Middle Medical Shelter,631 18th Ave.,HONOLULU,HONOLULU,HI,96816.0,CLOSED,state,USA-HI,,,USA-HI,21.27051536,-157.79752286,True,True,USA-HI-003,0.0,runtime_missed_county_containment
nss_shelters-138848,138848,Kaimuki Middle School,631 18th Ave,HONOLULU,HONOLULU,HI,96816.0,CLOSED,state,USA-HI,,,USA-HI,21.27051536,-157.79752286,True,True,USA-HI-003,0.0,runtime_missed_county_containment
nss_shelters-342941,342941,Kalani High Medical Center,4680 Kalanianaole Hwy.,HONOLULU,HONOLULU,HI,96821.0,CLOSED,state,USA-HI,,,USA-HI,21.278885,-157.773816,True,True,USA-HI-003,0.0,runtime_missed_county_containment
nss_shelters-138885,138885,Kalani High School,4680 Kalanianaole Hwy,HONOLULU,HONOLULU,HI,96821.0,CLOSED,state,USA-HI,,,USA-HI,21.27706242,-157.77234184,True,True,USA-HI-003,0.0,runtime_missed_county_containment
nss_shelters-337430,337430,Kamilo Iki Community Park,7750 Hawaii Kai Dr,HONOLULU,HONOLULU,HI,96825.0,CLOSED,state,USA-HI,,,USA-HI,21.29334015,-157.68488278,True,True,USA-HI-003,0.0,runtime_missed_county_containment
nss_shelters-138895,138895,Kamiloiki Elementary,7788 Hawaii Kai Dr,HONOLULU,HONOLULU,HI,96825.0,CLOSED,state,USA-HI,,,USA-HI,21.29294445,-157.68287729,True,True,USA-HI-003,0.0,runtime_missed_county_containment
nss_shelters-337735,337735,Kamiloiki Elementary Medical Shelter,7788 Hawaii Kai Dr.,HONOLULU,HONOLULU,HI,96825.0,CLOSED,state,USA-HI,,,USA-HI,21.29294445,-157.68287729,True,True,USA-HI-003,0.0,runtime_missed_county_containment
nss_shelters-338101,338101,Kapaolono Community Park,701 11th Avenue,HONOLULU,HONOLULU,HI,96816.0,CLOSED,state,USA-HI,,,USA-HI,21.27551559,-157.80451959,True,True,USA-HI-003,0.0,runtime_missed_county_containment
nss_shelters-138849,138849,Kapiolani Community College,4303 Diamond Head Rd,HONOLULU,HONOLULU,HI,96816.0,CLOSED,state,USA-HI,,,USA-HI,21.26788034,-157.80020284,True,True,USA-HI-003,0.0,runtime_missed_county_containment
nss_shelters-138760,138760,Kauai High,3577 Lala Rd,LIHUE,KAUAI,HI,96766.0,CLOSED,state,USA-HI,,,USA-HI,21.95953992,-159.35990603,True,True,USA-HI-007,0.0,runtime_missed_county_containment
nss_shelters-337744,337744,Kauai High Medical Shelter,3577 Lala Rd.,LIHUE,KAUAI,HI,96766.0,CLOSED,state,USA-HI,,,USA-HI,21.95953992,-159.35990603,True,True,USA-HI-007,0.0,runtime_missed_county_containment
nss_shelters-353032,353032,Kauai Veterans Center,3215 Kapule Hwy.,LIHUE,KAUAI,HI,96766.0,CLOSED,state,USA-HI,,,USA-HI,21.977403,-159.35711,True,True,USA-HI-007,0.0,runtime_missed_county_containment
nss_shelters-335442,335442,Kauai War Memorial Convention Hall,4191 Hardy St,LIHUE,KAUAI,HI,96766.0,CLOSED,state,USA-HI,,,USA-HI,21.97472048,-159.36281983,True,True,USA-HI-007,0.0,runtime_missed_county_containment
nss_shelters-138707,138707,Keolu Elementary,1416 Keolu Dr,KAILUA,HONOLULU,HI,96734.0,CLOSED,state,USA-HI,,,USA-HI,21.37136533,-157.73466924,True,False,USA-HI-003,0.0013876856713324367,inside_state_near_county_edge
nss_shelters-345550,345550,Kilauea District Park,4109 Kilauea Ave,HONOLULU,HONOLULU,HI,96816.0,CLOSED,state,USA-HI,,,USA-HI,21.2848739,-157.79216,True,True,USA-HI-003,0.0,runtime_missed_county_containment
nss_shelters-328400,328400,Kilohana Community Center,334-A1 Kamehameha V Hwy,KUALAPUU,MAUI,HI,96757.0,CLOSED,state,USA-HI,,,USA-HI,21.15667918,-156.73898486,True,True,USA-HI-009,0.0,runtime_missed_county_containment
nss_shelters-346248,346248,Kilohana Elementary School,7253 Kamehameha V Hwy,KAUNAKAKAI,MAUI,HI,96748.0,CLOSED,state,USA-HI,,,USA-HI,21.05615295,-156.84087238,False,False,USA-HI-009,0.0031876724329808702,outside_state_but_near_claimed_state_county
nss_shelters-138761,138761,King Kaumualii Elementary,4380 Hanamaulu Rd,LIHUE,KAUAI,HI,96766.0,CLOSED,state,USA-HI,,,USA-HI,21.99572864,-159.35013939,True,True,USA-HI-007,0.0,runtime_missed_county_containment
nss_shelters-342969,342969,King Kaumualii Elementary Medical Shelter,4380 Hanamaulu Rd.,LIHUE,KAUAI,HI,96766.0,CLOSED,state,USA-HI,,,USA-HI,21.9959111,-159.3515402,True,True,USA-HI-007,0.0,runtime_missed_county_containment
nss_shelters-342141,342141,Koko Head District Park,423 Kaumakani St.,HONOLULU,HONOLULU,HI,96825.0,CLOSED,state,USA-HI,,,USA-HI,21.279452,-157.692089,True,True,USA-HI-003,0.0,runtime_missed_county_containment
nss_shelters-138750,138750,Koloa Elementary,3223 Poipu Rd,KOLOA,KAUAI,HI,96756.0,CLOSED,state,USA-HI,,,USA-HI,21.87568714,-159.44808455,True,True,USA-HI-007,0.0,runtime_missed_county_containment
nss_shelters-342982,342982,Koloa Elementary Medical Shelter,3223 Poipu Rd.,KOLOA,KAUAI,HI,96756.0,CLOSED,state,USA-HI,,,USA-HI,21.8786358,-159.4606515,True,True,USA-HI-007,0.0,runtime_missed_county_containment
nss_shelters-138898,138898,Kuhio Elementary School,2759 South King St.,HONOLULU,HONOLULU,HI,96826.0,CLOSED,state,USA-HI,,,USA-HI,21.29026447,-157.8192235,True,True,USA-HI-003,0.0,runtime_missed_county_containment
nss_shelters-340443,340443,Lahaina Christian Fellowship,4275 Hine Way,LAHAINA,MAUI,HI,96761.0,CLOSED,state,USA-HI,,,USA-HI,20.9688108,-156.67652694,True,True,USA-HI-009,0.0,runtime_missed_county_containment
nss_shelters-138755,138755,Lahaina Civic Center,1840 Honoapiilani Hwy,Lahaina,MAUI,HI,96761.0,CLOSED,state,USA-HI,,,USA-HI,20.90566041,-156.68632056,True,True,USA-HI-009,0.0,runtime_missed_county_containment
nss_shelters-138850,138850,Liholiho Elementary,3430 Maunaloa Ave,HONOLULU,HONOLULU,HI,96816.0,CLOSED,state,USA-HI,,,USA-HI,21.2782855,-157.80591353,True,True,USA-HI-003,0.0,runtime_missed_county_containment
nss_shelters-337972,337972,Liholiho Elementary Medical Shelter,3430 Maunaloa Ave.,HONOLULU,HONOLULU,HI,96816.0,CLOSED,state,USA-HI,,,USA-HI,21.2782855,-157.80591353,True,True,USA-HI-003,0.0,runtime_missed_county_containment
nss_shelters-138899,138899,Lunalilo Elementary,810 Pumehana St,HONOLULU,HONOLULU,HI,96826.0,CLOSED,state,USA-HI,,,USA-HI,21.29238687,-157.83241655,True,True,USA-HI-003,0.0,runtime_missed_county_containment
nss_shelters-341471,341471,Maunaloa Elementary School,128 Maunaloa Hwy,MAUNALOA,MAUI,HI,96770.0,CLOSED,state,USA-HI,,,USA-HI,20.134239,-157.212268,False,False,USA-HI-009,0.6470423975929162,outside_claimed_state_far_away
nss_shelters-339677,339677,McCully District Parks & Recreation,831 Pumehana Street,Honolulu,HONOLULU,HI,96826.0,CLOSED,state,USA-HI,,,USA-HI,21.29267465,-157.83229964,True,True,USA-HI-003,0.0,runtime_missed_county_containment
nss_shelters-333698,333698,POLYNESIAN CULTURAL CENTER,55-370 KAMEHAMEAH HIGHWAY,LAIE,HONOLULU,HI,96762.0,CLOSED,state,USA-HI,,,USA-HI,21.64469627,-157.91986663,True,False,USA-HI-003,0.010764755081100436,inside_state_far_from_any_county
nss_shelters-349868,349868,Paia Community Center,252 Hana Highway,PAIA,MAUI,HI,96779.0,CLOSED,state,USA-HI,,,USA-HI,20.9184208,-156.3777981,True,True,USA-HI-009,0.0,runtime_missed_county_containment
nss_shelters-342738,342738,Paki Community Park,3503 Leahi Ave,HONOLULU,HONOLULU,HI,96815.0,CLOSED,state,USA-HI,,,USA-HI,21.2736115,-157.81613,True,True,USA-HI-003,0.0,runtime_missed_county_containment
nss_shelters-342450,342450,Petrie Community Park,1039 20th Ave,HONOLULU,HONOLULU,HI,96816.0,CLOSED,state,USA-HI,,,USA-HI,21.2761829,-157.7917477,True,True,USA-HI-003,0.0,runtime_missed_county_containment
nss_shelters-138817,138817,Pope Elementary,41-133 Huli St,WAIMANALO,HONOLULU,HI,96795.0,CLOSED,state,USA-HI,,,USA-HI,21.32862055,-157.69344432,True,True,USA-HI-003,0.0,runtime_missed_county_containment
nss_shelters-343366,343366,Pope Elementary Medical Shelter,41-133 Huli St.,WAIMANALO,HONOLULU,HI,96795.0,CLOSED,state,USA-HI,,,USA-HI,21.328188,-157.694989,True,True,USA-HI-003,0.0,runtime_missed_county_containment
nss_shelters-354647,354647,Pu'ula Church,14-3469 Holiday Road,PAHOA,HAWAII,HI,96778.0,CLOSED,state,USA-HI,,,USA-HI,19.0,-154.0,False,False,USA-HI-001,0.9533853529651083,outside_claimed_state_far_away
nss_shelters-339690,339690,Sacred Heart School of Maria Lanakila Church,239 Dickenson St,LAHAINA,MAUI,HI,96761.0,CLOSED,state,USA-HI,,,USA-HI,20.8750385,-156.67582547,True,False,USA-HI-009,0.00590623814900588,inside_state_near_county_edge
nss_shelters-333952,333952,Sunset Beach Christian Church,59-578 Kamehameha Hwy,HALEIWA,HONOLULU,HI,96712.0,CLOSED,state,USA-HI,,,USA-HI,21.65475969,-158.05949537,False,False,USA-HI-003,0.002514176720324519,outside_state_but_near_claimed_state_county
nss_shelters-331643,331643,Sunset Beach Recreation Center,59-540 Kamehameha Hwy,Haleiwa,HONOLULU,HI,96712.0,CLOSED,state,USA-HI,,,USA-HI,21.65721484,-158.05802048,False,False,USA-HI-003,0.0029795699357887777,outside_state_but_near_claimed_state_county
nss_shelters-138730,138730,Waiahole Elementary,48-215 Waiahole Valley Rd,KANEOHE,HONOLULU,HI,96744.0,CLOSED,state,USA-HI,,,USA-HI,21.48255751,-157.85042098,True,True,USA-HI-003,0.0,runtime_missed_county_containment
nss_shelters-338213,338213,Waiahole Elementary Medical Shelter,48-215 Waiahole Valley Rd.,KANEOHE,HONOLULU,HI,96744.0,CLOSED,state,USA-HI,,,USA-HI,21.48255751,-157.85042098,True,True,USA-HI-003,0.0,runtime_missed_county_containment
nss_shelters-138837,138837,Waialae Elementary,1045 19th St,HONOLULU,HONOLULU,HI,96816.0,CLOSED,state,USA-HI,,,USA-HI,21.27642108,-157.79277589,True,True,USA-HI-003,0.0,runtime_missed_county_containment
nss_shelters-338218,338218,Waialae Elementary Medical Shelter,1045  19th St.,HONOLULU,HONOLULU,HI,96816.0,CLOSED,state,USA-HI,,,USA-HI,21.27637894,-157.79271149,True,True,USA-HI-003,0.0,runtime_missed_county_containment
nss_shelters-138841,138841,Waikiki Elementary,3710 Leahi Ave,HONOLULU,HONOLULU,HI,96815.0,CLOSED,state,USA-HI,,,USA-HI,21.26844692,-157.8151046,True,True,USA-HI-003,0.0,runtime_missed_county_containment
nss_shelters-362519,362519,Waiola Church-emergency,535 Wainee St,LAHAINA,MAUI,HI,96761.0,CLOSED,state,USA-HI,,,USA-HI,20.86975,-156.67337,True,False,USA-HI-009,0.00686971552371475,inside_state_near_county_edge
nss_shelters-340587,340587,Waioli Huiia Church,5-5393A Kuhio Highway,HANALEI,Kauai,HI,96714.0,CLOSED,state,USA-HI,,,USA-HI,22.21310936,-159.54382234,True,True,USA-HI-007,0.0,runtime_missed_county_containment
nss_shelters-337790,337790,West Maui Senior Center,788 Pauoa St,LAHAINA,MAUI,HI,96761.0,CLOSED,state,USA-HI,,,USA-HI,20.87804223,-156.67368509,True,False,USA-HI-009,0.0024428003719364636,inside_state_near_county_edge
nss_shelters-138851,138851,Wheeler Middle Medical Shelter,2 Wheeler Army Airfield,WAHIAWA,HONOLULU,HI,96786.0,CLOSED,state,USA-HI,,,USA-HI,21.2824044,-157.79828728,True,True,USA-HI-003,0.0,runtime_missed_county_containment
nss_shelters-138762,138762,Wilcox Elementary,4319 Hardy St,LIHUE,KAUAI,HI,96766.0,CLOSED,state,USA-HI,,,USA-HI,21.97659107,-159.36554478,True,True,USA-HI-007,0.0,runtime_missed_county_containment
nss_shelters-343359,343359,Wilson Community Park,4901 Kilauea Ave,HONOLULU,HONOLULU,HI,96816.0,CLOSED,state,USA-HI,,,USA-HI,21.281869,-157.784375,True,True,USA-HI-003,0.0,runtime_missed_county_containment
nss_shelters-138842,138842,Wilson Elementary,4945 Kilauea Ave,HONOLULU,HONOLULU,HI,96816.0,CLOSED,state,USA-HI,,,USA-HI,21.28182883,-157.78522913,True,True,USA-HI-003,0.0,runtime_missed_county_containment
nss_shelters-138840,138840,Wilson Elementary Medical Shelter,4945 Kilauea Ave,HONOLULU,HONOLULU,HI,96816.0,CLOSED,state,USA-HI,,,USA-HI,21.27294353,-157.81728996,True,True,USA-HI-003,0.0,runtime_missed_county_containment
nss_shelters-353939,353939,Windward Retreat Center,51-030 Kuamalani Rd,KAAAWA,HONOLULU,HI,96730.0,CLOSED,state,USA-HI,,,USA-HI,21.5572221,-157.8536111,False,False,USA-HI-003,0.005413689657179372,outside_state_but_near_claimed_state_county
nss_shelters-120049,120049,Atherton Hough Elementary School,1084 SEA ST,QUINCY,NORFOLK,MA,2169.0,CLOSED,state,USA-MA,,,USA-MA,42.26808395,-70.95575914,False,True,USA-MA-021,0.0,runtime_missed_county_containment
nss_shelters-120012,120012,Bentley Elementary School,25 MEMORIAL DR,SALEM,ESSEX,MA,1970.0,CLOSED,state,USA-MA,,,USA-MA,42.52864452,-70.87997328,False,True,USA-MA-009,0.0,runtime_missed_county_containment
nss_shelters-119916,119916,Chilmark Community Center,520 SOUTH RD,CHILMARK,DUKES,MA,2535.0,CLOSED,state,USA-MA,,,USA-MA,41.34081099,-70.80524861,True,True,USA-MA-007,0.0,runtime_missed_county_containment
nss_shelters-337524,337524,Doran Elementary School,101 Fountain Street,FALL RIVER,BRISTOL,MA,2721.0,CLOSED,state,USA-MA,,,USA-MA,41.69958652,-71.1648785,True,True,USA-MA-005,0.0,runtime_missed_county_containment
nss_shelters-119700,119700,Harbor House Rehabilitation And Nursing Center,11 CONDITO RD,HINGHAM,PLYMOUTH,MA,2043.0,CLOSED,state,USA-MA,,,USA-MA,42.25190515,-70.90668314,True,True,USA-MA-021,0.0,runtime_missed_county_containment
nss_shelters-119641,119641,John Eliot Elementary School,16 CHARTER ST,BOSTON,SUFFOLK,MA,2113.0,CLOSED,state,USA-MA,,,USA-MA,42.36646978,-71.05336256,False,False,USA-MA-025,0.00029014036890041427,outside_state_but_near_claimed_state_county
nss_shelters-347367,347367,Jonathan Elementary School,290 Castle Road,NAHANT,ESSEX,MA,1908.0,CLOSED,state,USA-MA,,,USA-MA,42.4212467,-70.933575,True,False,USA-MA-009,0.03207292088893277,inside_state_far_from_any_county
nss_shelters-337523,337523,Lord Community School,151 Amity Street,FALL RIVER,BRISTOL,MA,2724.0,CLOSED,state,USA-MA,,,USA-MA,41.67320941,-71.16916826,True,True,USA-MA-005,0.0,runtime_missed_county_containment
nss_shelters-119557,119557,MANCHESTER ESSEX JUNIOR - SENIOR HIGH SCHOOL,36 LINCOLN ST,MANCHESTER,ESSEX,MA,1944.0,CLOSED,state,USA-MA,,,USA-MA,42.58086815,-70.76667669,True,True,USA-MA-009,0.0,runtime_missed_county_containment
nss_shelters-119556,119556,Manchester-Essex Regional High School,36 LINCOLN ST,MANCHESTER,ESSEX,MA,1944.0,CLOSED,state,USA-MA,,,USA-MA,42.58086815,-70.76667669,True,True,USA-MA-009,0.0,runtime_missed_county_containment
nss_shelters-119550,119550,Marblehead Veterans Middle School,217 Pleasant Street,MARBLEHEAD,ESSEX,MA,1945.0,CLOSED,state,USA-MA,,,USA-MA,42.49768086,-70.86072779,True,True,USA-MA-009,0.0,runtime_missed_county_containment
nss_shelters-361720,361720,Matthew J. Kuss Middle School,52 Globe Mills Ave,FALL RIVER,BRISTOL,MA,2724.0,CLOSED,state,USA-MA,,,USA-MA,41.6927192,-71.1805985,True,True,USA-MA-005,0.0,runtime_missed_county_containment
nss_shelters-333354,333354,Nantucket Fairgrounds,2 Fairgrounds Road,NANTUCKET,NANTUCKET,MA,2554.0,CLOSED,state,USA-MA,,,USA-MA,41.25944033,-70.0973113,True,True,USA-MA-019,0.0,runtime_missed_county_containment
nss_shelters-119462,119462,Nantucket High School,10 Surfside Rd,NANTUCKET,NANTUCKET,MA,2554.0,CLOSED,state,USA-MA,,,USA-MA,41.2556452,-70.09338126,True,True,USA-MA-019,0.0,runtime_missed_county_containment
nss_shelters-119451,119451,Nazzaro Community Center,30 N BENNET ST,BOSTON,SUFFOLK,MA,2113.0,CLOSED,state,USA-MA,,,USA-MA,42.36537261,-71.05433383,False,True,USA-MA-025,0.0,runtime_missed_county_containment
nss_shelters-119416,119416,North Shore Community Baptist Church,9 HART ST,BEVERLY,ESSEX,MA,1915.0,CLOSED,state,USA-MA,,,USA-MA,42.56584947,-70.81329754,True,True,USA-MA-009,0.0,runtime_missed_county_containment
nss_shelters-119401,119401,Oak Bluffs Elementary School,50 Trade Winds Road,Oak Bluff,DUKES,MA,2557.0,CLOSED,state,USA-MA,,,USA-MA,41.44244138,-70.57376927,True,True,USA-MA-007,0.0,runtime_missed_county_containment
nss_shelters-119402,119402,Oak Bluffs Elementary School,50 Tradewinds Road,OAK BLUFFS,DUKES,MA,2557.0,CLOSED,state,USA-MA,,,USA-MA,41.44556736,-70.57064437,True,True,USA-MA-007,0.0,runtime_missed_county_containment
nss_shelters-119352,119352,Perry Elementary School,745 E. 7TH ST,BOSTON,SUFFOLK,MA,2127.0,CLOSED,state,USA-MA,,,USA-MA,42.33237648,-71.03048381,True,True,USA-MA-025,0.0,runtime_missed_county_containment
nss_shelters-349533,349533,Pilgrim United Church,635 Purchase Street,NEW BEDFORD,BRISTOL,MA,2740.0,CLOSED,state,USA-MA,,,USA-MA,41.632657,-70.925821,True,True,USA-MA-005,0.0,runtime_missed_county_containment
nss_shelters-119125,119125,Village School,93 Village Street,MARBLEHEAD,ESSEX,MA,1945.0,CLOSED,state,USA-MA,,,USA-MA,42.50258217,-70.86669029,True,True,USA-MA-009,0.0,runtime_missed_county_containment
nss_shelters-119113,119113,Wampanoag Tribe Headquarters,20 BLACK BROOK RD,CHILMARK,DUKES,MA,2535.0,CLOSED,state,USA-MA,,,USA-MA,41.33234837,-70.79958288,True,True,USA-MA-007,0.0,runtime_missed_county_containment
nss_shelters-361731,361731,Warming Center - St. Andrews Episcopal Church,51 Winter St,EDGARTOWN,DUKES,MA,2539.0,CLOSED,state,USA-MA,,,USA-MA,41.39111,-70.513287,True,True,USA-MA-007,0.0,runtime_missed_county_containment
nss_shelters-115370,115370,ATLANTIC UNITED METHODIST CHURCH,105 4TH ST & BALTIMORE AVE,OCEAN CITY,WORCESTER,MD,21842.0,CLOSED,state,USA-MD,,,USA-MD,38.3699501,-75.09335962,False,False,USA-MD-047,0.01660788604902778,outside_state_but_near_claimed_state_county
nss_shelters-115207,115207,Allan Whatley Parish Hall,607 CHURCH STREET,CAMBRIDGE,DORCHESTER,MD,21613.0,CLOSED,state,USA-MD,,,USA-MD,38.57229309,-76.0765977,True,True,USA-MD-019,0.0,runtime_missed_county_containment
nss_shelters-115424,115424,CHARLESTOWN FIRE COMPANY,307 MARKET ST,CHARLESTOWN,CECIL,MD,21914.0,CLOSED,state,USA-MD,,,USA-MD,39.57363421,-75.97644021,True,True,USA-MD-015,0.0,runtime_missed_county_containment
nss_shelters-115423,115423,Charlestown Elementary School,550 BALTIMORE ST,CHARLESTOWN,CECIL,MD,21914.0,CLOSED,state,USA-MD,,,USA-MD,39.57354428,-75.98272647,True,True,USA-MD-015,0.0,runtime_missed_county_containment
nss_shelters-115356,115356,DEAL ISLAND ELEMENTARY SCHOOL,23275 LOLA WHEATLEY RD,DEAL ISLAND,SOMERSET,MD,21821.0,CLOSED,state,USA-MD,,,USA-MD,38.15784053,-75.94735613,False,False,USA-MD-039,0.02680862417575834,outside_state_but_near_claimed_state_county
nss_shelters-115357,115357,EWELL ELEMENTARY SCHOOL,4005 SMITH ISLAND RD,EWELL,SOMERSET,MD,21824.0,CLOSED,state,USA-MD,,,USA-MD,37.98911873,-76.04020214,False,False,USA-MD-039,0.1664793870284906,outside_state_but_near_claimed_state_county
nss_shelters-115206,115206,First Baptist Church Of Cambridge,501 GLENBURN AVE.,CAMBRIDGE,DORCHESTER,MD,21613.0,CLOSED,state,USA-MD,,,USA-MD,38.57500005,-76.08727266,True,True,USA-MD-019,0.0,runtime_missed_county_containment
nss_shelters-115371,115371,First Presbyterian Church Of Ocean City,1301 PHILADELPHIA AVE,OCEAN CITY,WORCESTER,MD,21842.0,CLOSED,state,USA-MD,,,USA-MD,38.34369442,-75.08105721,True,False,USA-MD-047,0.01225226866521389,inside_state_far_from_any_county
nss_shelters-352396,352396,Fleming Recreation And Senior Center,641 Main Street,BALTIMORE,BALTIMORE,MD,21222.0,CLOSED,state,USA-MD,,,USA-MD,39.2350122,-76.5029955,False,False,USA-MD-510,0.0010536627850316015,outside_state_but_near_claimed_state_county
nss_shelters-115430,115430,Hack's Point Fire Department,1185 GLEBE RD,EARLEVILLE,CECIL,MD,21919.0,CLOSED,state,USA-MD,,,USA-MD,39.45406035,-75.89851396,True,True,USA-MD-015,0.0,runtime_missed_county_containment
nss_shelters-356864,356864,North Point Government Center,7701 Wise Avenue,DUNDALK,BALTIMORE,MD,21222.0,CLOSED,state,USA-MD,,,USA-MD,39.2632524,-76.4910093,True,True,USA-MD-510,0.0,runtime_missed_county_containment
nss_shelters-115373,115373,OCEAN CITY ELEMENTARY SCHOOL,12828 CENTER DR,OCEAN CITY,WORCESTER,MD,21842.0,CLOSED,state,USA-MD,,,USA-MD,38.34825399,-75.10840559,True,True,USA-MD-047,0.0,runtime_missed_county_containment
nss_shelters-115239,115239,Oxford Community Center,200 OXFORD RD (RT 333),OXFORD,TALBOT,MD,21654.0,CLOSED,state,USA-MD,,,USA-MD,38.68438459,-76.16802278,True,True,USA-MD-041,0.0,runtime_missed_county_containment
nss_shelters-115240,115240,Oxford Fire House,300 OXFORD RD,OXFORD,TALBOT,MD,21654.0,CLOSED,state,USA-MD,,,USA-MD,38.68451049,-76.16663783,True,True,USA-MD-041,0.0,runtime_missed_county_containment
nss_shelters-115126,115126,Patapsco High School,8100 Wise Avenue,DUNDALK,BALTIMORE,MD,21222.0,CLOSED,state,USA-MD,,,USA-MD,39.264843,-76.48986316,True,True,USA-MD-510,0.0,runtime_missed_county_containment
nss_shelters-358732,358732,Police Precinct - Southern District -,35 Stepneys Lane,EDGEWATER,ANNE ARUNDEL,MD,21037.0,CLOSED,state,USA-MD,,,USA-MD,39.2528858,-76.6171983,True,False,USA-MD-510,0.0031820451599847157,inside_state_near_county_edge
nss_shelters-115375,115375,Roland E. Powell Convention Center,4001 Coastal HWY (40TH ST),OCEAN CITY,WORCESTER,MD,21842.0,CLOSED,state,USA-MD,,,USA-MD,38.36739735,-75.07158822,False,False,USA-MD-047,0.02854240765212553,outside_state_but_near_claimed_state_county
nss_shelters-115372,115372,Saint Pauls By The Sea,302 N BALTIMORE AVE,OCEAN CITY,WORCESTER,MD,21842.0,CLOSED,state,USA-MD,,,USA-MD,38.33462926,-75.08459155,True,False,USA-MD-047,0.011831477078079768,inside_state_far_from_any_county
nss_shelters-115209,115209,Saint Pauls United Methodist Church,205 MARYLAND AVENUE,CAMBRIDGE,DORCHESTER,MD,21613.0,CLOSED,state,USA-MD,,,USA-MD,38.57027861,-76.07057225,True,True,USA-MD-019,0.0,runtime_missed_county_containment
nss_shelters-115355,115355,Saint Pauls United Methodist Church,9250 Deal Island Road  PO Box 54,DEAL ISLAND,SOMERSET,MD,21821.0,CLOSED,state,USA-MD,,,USA-MD,38.13956631,-75.94958645,False,False,USA-MD-039,0.04306152300038942,outside_state_but_near_claimed_state_county
nss_shelters-355187,355187,Saint Peters Lutheran Church,10301 Coastal Highway,OCEAN CITY,WORCESTER,MD,21842.0,CLOSED,state,USA-MD,,,USA-MD,38.3358442,-75.0853092,False,False,USA-MD-047,0.010760240658965553,outside_state_but_near_claimed_state_county
nss_shelters-115205,115205,Sandy Hill Elementary School,1503 GLASCOW RD,CAMBRIDGE,DORCHESTER,MD,21613.0,CLOSED,state,USA-MD,,,USA-MD,38.57929881,-76.08915224,True,True,USA-MD-019,0.0,runtime_missed_county_containment
nss_shelters-115262,115262,Tilghman Elementary School,21374 FOSTER AVENUE,TILGHMAN,TALBOT,MD,21671.0,CLOSED,state,USA-MD,,,USA-MD,38.7134237,-76.3419067,False,False,USA-MD-041,0.05836730780492776,outside_state_but_near_claimed_state_county
nss_shelters-354640,354640,Bar Harbor Fire Station,37 Firefly Lane,BAR HARBOR,HANCOCK,ME,4609.0,CLOSED,state,USA-ME,,,USA-ME,44.3881902,-68.2043979,True,True,USA-ME-009,0.0,runtime_missed_county_containment
nss_shelters-71600,71600,Boothbay Region YMCA,261 Townsend Ave,BOOTHBAY HARBOR,LINCOLN,ME,4538.0,CLOSED,state,USA-ME,,,USA-ME,43.85905657,-69.62573381,True,True,USA-ME-015,0.0,runtime_missed_county_containment
nss_shelters-333337,333337,Boothbay Regional Elementary School,238 Townsend Ave,BOOTHBAY HARBOR,LINCOLN,ME,4538.0,CLOSED,state,USA-ME,,,USA-ME,43.86027964,-69.62635434,True,True,USA-ME-015,0.0,runtime_missed_county_containment
nss_shelters-71611,71611,Calais High School,35 Blue Devil Hill,CALAIS,WASHINGTON,ME,4619.0,CLOSED,state,USA-ME,,,USA-ME,45.16453395,-67.2431335,True,True,USA-ME-029,0.0,runtime_missed_county_containment
nss_shelters-71652,71652,Dyke-newell Elementary School,3 Wright Drive,BATH,SAGADAHOC,ME,4530.0,CLOSED,state,USA-ME,,,USA-ME,43.92225192,-69.81926791,True,True,USA-ME-023,0.0,runtime_missed_county_containment
nss_shelters-71675,71675,Foreside Community Church,340 Foreside Road,FALMOUTH,CUMBERLAND,ME,4105.0,INACTIVE,state,USA-ME,,,USA-ME,43.73994136,-70.20372808,True,True,USA-ME-005,0.0,runtime_missed_county_containment
nss_shelters-71685,71685,Georgetown Central School,52 Bay Point Rd,GEORGETOWN,SAGADAHOC,ME,4548.0,CLOSED,state,USA-ME,,,USA-ME,43.80123016,-69.75631537,False,False,USA-ME-023,0.03827679094868165,outside_state_but_near_claimed_state_county
nss_shelters-71705,71705,Harpswell Islands School,308 Harpswell Islands Rd (RT 24),HARPSWELL,CUMBERLAND,ME,4079.0,CLOSED,state,USA-ME,,,USA-ME,43.82563776,-69.91891279,False,False,USA-ME-005,0.01931277345527354,outside_state_but_near_claimed_state_county
nss_shelters-71790,71790,Horace Mitchell Primary School,7 School Lane,KITTERY POINT,YORK,ME,3905.0,CLOSED,state,USA-ME,,,USA-ME,43.08354113,-70.69980733,True,True,USA-ME-031,0.0,runtime_missed_county_containment
nss_shelters-71716,71716,Isleboro Central School,159 Alumni Drive,ISLESBORO,WALDO,ME,4848.0,CLOSED,state,USA-ME,,,USA-ME,44.26719367,-68.91286971,False,False,USA-ME-027,0.08156364726480289,outside_state_but_near_claimed_state_county
nss_shelters-354629,354629,Islesboro Town Office,150 Main Road,ISLESBORO,WALDO,ME,4848.0,CLOSED,state,USA-ME,,,USA-ME,44.2796069,-68.9035619,False,False,USA-ME-027,0.08152769018629051,outside_state_but_near_claimed_state_county
nss_shelters-71724,71724,Kennebunkport Consolidated School,25 School Street,KENNEBUNKPORT,YORK,ME,4046.0,CLOSED,state,USA-ME,,,USA-ME,43.36151565,-70.47274228,True,True,USA-ME-031,0.0,runtime_missed_county_containment
nss_shelters-71756,71756,LONG ISLAND VFW POST #9605,220 Island Drive,LONG ISLAND,CUMBERLAND,ME,4050.0,CLOSED,state,USA-ME,,,USA-ME,43.6877699,-70.16941066,False,False,USA-ME-005,0.05216975185534349,outside_state_but_near_claimed_state_county
nss_shelters-71755,71755,Long Island Learning Center,33 Fern Ave.,LONG ISLAND,CUMBERLAND,ME,4050.0,CLOSED,state,USA-ME,,,USA-ME,43.69566774,-70.14714273,False,False,USA-ME-005,0.06943205735099679,outside_state_but_near_claimed_state_county
nss_shelters-71760,71760,Lubec Consolidated School,44 South Street,LUBEC,WASHINGTON,ME,4652.0,CLOSED,state,USA-ME,,,USA-ME,44.8563957,-66.98763559,False,True,USA-ME-029,0.0,runtime_missed_county_containment
nss_shelters-354542,354542,Madawaska Elementary School,353  11th Avenue,MADAWASKA,AROOSTOOK,ME,4756.0,CLOSED,state,USA-ME,,,USA-ME,47.3401767,-68.3385129,True,True,USA-ME-003,0.0,runtime_missed_county_containment
nss_shelters-71762,71762,Madawaska Middle / High School,135 7TH AVENUE,MADAWASKA,AROOSTOOK,ME,4756.0,CLOSED,state,USA-ME,,,USA-ME,47.34920845,-68.32779628,True,True,USA-ME-003,0.0,runtime_missed_county_containment
nss_shelters-71788,71788,Miles Lane School,52 Miles Lane,BUCKSPORT,HANCOCK,ME,4416.0,CLOSED,state,USA-ME,,,USA-ME,44.57772214,-68.78027126,True,True,USA-ME-009,0.0,runtime_missed_county_containment
nss_shelters-339140,339140,Mount Desert Fire Station,1157 Main Street,SEAL HARBOR,HANCOCK,ME,4675.0,CLOSED,state,USA-ME,,,USA-ME,44.29653431,-68.23921705,True,True,USA-ME-009,0.0,runtime_missed_county_containment
nss_shelters-339164,339164,Mount Desert Fire Station,1157 Main Street,SEAL HARBOR,Hancock,ME,4675.0,CLOSED,state,USA-ME,,,USA-ME,44.29653431,-68.23921705,True,True,USA-ME-009,0.0,runtime_missed_county_containment
nss_shelters-339165,339165,Mount Desert Fire Station,Route 3,SEAL HARBOR,Hancock,ME,4675.0,CLOSED,state,USA-ME,,,USA-ME,44.29877108,-68.24041815,True,True,USA-ME-009,0.0,runtime_missed_county_containment
nss_shelters-71825,71825,Peaks Island Public Safety Bldg,129 Island Ave.,PEAKS ISLAND,CUMBERLAND,ME,4108.0,CLOSED,state,USA-ME,,,USA-ME,43.65813903,-70.19850302,False,False,USA-ME-005,0.029800952159200554,outside_state_but_near_claimed_state_county
nss_shelters-71844,71844,RLDS CHURCH-JONESPORT,154 Main St,JONESPORT,WASHINGTON,ME,4649.0,CLOSED,state,USA-ME,,,USA-ME,44.52881765,-67.61675631,False,False,USA-ME-029,0.0005916399808626285,outside_state_but_near_claimed_state_county
nss_shelters-71882,71882,South Bristol School,2024 State Route 129,SOUTH BRISTOL,LINCOLN,ME,4568.0,CLOSED,state,USA-ME,,,USA-ME,43.85929938,-69.556504,False,False,USA-ME-015,0.011137078912996411,outside_state_but_near_claimed_state_county
nss_shelters-71898,71898,Swans Island Elementary School,116 Rose Hill Rd,SWANS ISLAND,HANCOCK,ME,4685.0,CLOSED,state,USA-ME,,,USA-ME,44.18245277,-68.41669427,False,False,USA-ME-009,0.07137078626935746,outside_state_but_near_claimed_state_county
nss_shelters-71910,71910,University Of Maine At Fort Kent - Sports Center,9 Bengal Avenue,FORT KENT,AROOSTOOK,ME,4743.0,CLOSED,state,USA-ME,,,USA-ME,47.24878116,-68.58653123,True,True,USA-ME-003,0.0,runtime_missed_county_containment
nss_shelters-339013,339013,Warming Center Hahn Community Center,31 Main St.,FRIENDSHIP,Knox,ME,4547.0,CLOSED,state,USA-ME,,,USA-ME,43.98506667,-69.33228694,True,True,USA-ME-013,0.0,runtime_missed_county_containment
nss_shelters-361060,361060,Warming Center Island Community Center,6 Memorial Lane,STONINGTON,KNOX,ME,4681.0,CLOSED,state,USA-ME,,,USA-ME,44.1579283,-68.6662399,True,True,USA-ME-009,0.0,runtime_missed_county_containment
nss_shelters-361051,361051,Warming Center South Bristol Fire Department,25 Middle Road,SOUTH BRISTOL,LINCOLN,ME,4568.0,CLOSED,state,USA-ME,,,USA-ME,43.8586085,-69.5559276,False,False,USA-ME-015,0.011918726246568105,outside_state_but_near_claimed_state_county
nss_shelters-361058,361058,Warming Center Southport Fire Department,402 Hendricks Hill Road,SOUTHPORT,LINCOLN,ME,4576.0,CLOSED,state,USA-ME,,,USA-ME,43.8243388,-69.6732657,False,False,USA-ME-015,0.02587918390336948,outside_state_but_near_claimed_state_county
nss_shelters-354639,354639,Warming Center Trenton Fire Station,59 Oak Point Road,TRENTON,HANCOCK,ME,4605.0,CLOSED,state,USA-ME,,,USA-ME,44.425674,-68.395577,False,True,USA-ME-009,0.0,runtime_missed_county_containment
nss_shelters-359102,359102,Warming Center York Beach Fire Department,18 Railroad Avenue,YORK BEACH,YORK,ME,3910.0,CLOSED,state,USA-ME,,,USA-ME,43.1747149,-70.6119573,False,False,USA-ME-031,0.0008705470433699056,outside_state_but_near_claimed_state_county
nss_shelters-333339,333339,Washington County Community College,1 College Drive,CALAIS,Washington,ME,4619.0,CLOSED,state,USA-ME,,,USA-ME,45.1668854,-67.24328651,True,True,USA-ME-029,0.0,runtime_missed_county_containment
nss_shelters-71960,71960,York Senior Center,36 Main St.,YORK,YORK,ME,3909.0,CLOSED,state,USA-ME,,,USA-ME,43.17581464,-70.61076123,False,False,USA-ME-031,0.0018228734949764154,outside_state_but_near_claimed_state_county
nss_shelters-82871,82871,AVERY CENTER- CAA,524 ASHMUN,Sault Sainte Marie,Chippewa,MI,49783.0,CLOSED,state,USA-MI,,,USA-MI,46.4972017,-84.34807896,True,True,USA-MI-033,0.0,runtime_missed_county_containment
nss_shelters-83344,83344,CHURCH OF THE STRAITS,307 N HURON ST,Mackinaw City,Cheboygan,MI,49701.0,CLOSED,state,USA-MI,,,USA-MI,45.78450503,-84.72531471,False,False,USA-MI-031,0.0035905824843851914,outside_state_but_near_claimed_state_county
nss_shelters-83055,83055,EMPIRE FIRE DEPARTMENT,4243 LACORE,EMPIRE,LEELANAU,MI,49630.0,CLOSED,state,USA-MI,,,USA-MI,44.93102013,-86.02082046,False,False,USA-MI-089,0.025086939648599857,outside_state_but_near_claimed_state_county
nss_shelters-341502,341502,Harrietta United Methodist Church,116 Davis St.,HARRIETTA,WEXFORD,MI,49638.0,CLOSED,state,USA-MI,,,USA-MI,45.31191,-85.69744,False,False,USA-MI-089,0.20221087149812772,outside_state_but_near_claimed_state_county
nss_shelters-82856,82856,ST JAMES EPISCOPAL,533 BINGHAM AVE,Sault Sainte Marie,Chippewa,MI,49783.0,CLOSED,state,USA-MI,,,USA-MI,46.49600365,-84.34602564,True,True,USA-MI-033,0.0,runtime_missed_county_containment
nss_shelters-343681,343681,BIRCHDALE COMMUNITY BUILDING,Highway 11,BIRCHDALE,KOOCHICHING,MN,56629.0,CLOSED,state,CAN-ON,,,CAN-ON,48.62549608,-93.8372063,False,False,,,missing_state_geometry
nss_shelters-79215,79215,Kagman Community Center,Kagman Road - Route 39,Saipan,Northern Mariana Islands,MP,96950.0,CLOSED,state,USA-MP,,,USA-MP,15.16764916,145.78441613,True,False,,,no_county_bank_for_state
nss_shelters-362825,362825,Kagman Elementary School,1 No Street Address,SAIPAN,NORTHERN MARIANA ISLANDS,MP,96950.0,CLOSED,state,USA-MP,,,USA-MP,15.1664827,145.7821579,True,False,,,no_county_bank_for_state
nss_shelters-79224,79224,ROTA HIGH SCHOOL,SONGSONG VILLAGE,ROTA,NORTHERN MARIANA ISLANDS,MP,96951.0,CLOSED,state,USA-MP,,,USA-MP,14.13504724,145.13590082,False,False,,,no_county_bank_for_state
nss_shelters-354064,354064,Rita H Inos Jr/Sr High School,Song Song Village,Rota,NORTHERN MARIANA ISLANDS,MP,96951.0,CLOSED,state,USA-MP,,,USA-MP,14.135047,145.135901,False,False,,,no_county_bank_for_state
nss_shelters-79225,79225,Rota Aging Center,Sinapalu Village,Rota,Northern Mariana Islands,MP,96951.0,CLOSED,state,USA-MP,,,USA-MP,14.14050941,145.14483633,True,False,,,no_county_bank_for_state
nss_shelters-362557,362557,SHELTER - Man'amko Center - Rota,Rota,ROTA,NORTHERN MARIANA ISLANDS,MP,96951.0,CLOSED,state,USA-MP,,,USA-MP,14.16548538,145.22782898,True,False,,,no_county_bank_for_state
nss_shelters-110788,110788,East Central Community Center,4300 Hwy 614,HURLEY,JACKSON,MS,39555.0,CLOSED,state,USA-MS,,,USA-MS,30.36885087,-88.56497352,True,True,USA-MS-059,0.0,runtime_missed_county_containment
nss_shelters-185811,185811,AMERICAN LEGION POST 40,1315 West Queen Street,EDENTON,CHOWAN,NC,27932.0,CLOSED,state,USA-NC,,,USA-NC,36.05690736,-76.64275689,True,True,USA-NC-041,0.0,runtime_missed_county_containment
nss_shelters-185460,185460,Albemarle Commision Center,512 SOUTH CHURCH ST,HERTFORD,PERQUIMANS,NC,27944.0,CLOSED,state,USA-NC,,,USA-NC,36.18253366,-76.46491596,False,True,USA-NC-143,0.0,runtime_missed_county_containment
nss_shelters-185435,185435,Atlantic Elementary School,550 SCHOOL DR,ATLANTIC,CARTERET,NC,28511.0,CLOSED,state,USA-NC,,,USA-NC,34.8811877,-76.34129516,True,True,USA-NC-031,0.0,runtime_missed_county_containment
nss_shelters-185619,185619,Baum Senior Center,300 Mustian Street,MANTEO,DARE,NC,27954.0,CLOSED,state,USA-NC,,,USA-NC,35.89852306,-75.66960766,False,False,USA-NC-055,0.09002724298853267,outside_state_but_near_claimed_state_county
nss_shelters-339236,339236,Dare County Center,950 Marshall C. Collins,MANTEO,Dare,NC,27954.0,CLOSED,state,USA-NC,,,USA-NC,35.89043946,-75.66470802,False,False,USA-NC-055,0.09069631827029404,outside_state_but_near_claimed_state_county
nss_shelters-185516,185516,KNOTTS ISLAND ELEMENTARY SCHOOL,413 Woodleigh Road,KNOTTS ISLAND,CURRITUCK,NC,27950.0,CLOSED,state,USA-NC,,,USA-NC,36.51458133,-75.91977393,True,True,USA-NC-053,0.0,runtime_missed_county_containment
nss_shelters-356394,356394,Kure Memorial Lutheran Church,117 N 3rd Ave,KURE BEACH,NEW HANOVER,NC,28449.0,CLOSED,state,USA-NC,,,USA-NC,33.990381,-77.908824,False,False,USA-NC-129,0.0028027834323739887,outside_state_but_near_claimed_state_county
nss_shelters-347824,347824,Manteo High School,829 Wingina Avenue,MANTEO,DARE,NC,27954.0,CLOSED,state,USA-NC,,,USA-NC,35.916733,-75.673536,False,False,USA-NC-055,0.09314964405262853,outside_state_but_near_claimed_state_county
nss_shelters-185600,185600,Perquimans Recreation Center,310 Granby Street,HERTFORD,PERQUIMANS,NC,27944.0,CLOSED,state,USA-NC,,,USA-NC,36.17132815,-76.44563404,False,True,USA-NC-143,0.0,runtime_missed_county_containment
nss_shelters-361408,361408,Scottsbluff Public School-Huntss Acres Community Center,1791 Ave X,SCOTTSBLUFF,SCOTTS BLUFF,NE,69361.0,CLOSED,state,USA-NE,,,USA-NE,40.5925139,-73.9523143,False,False,USA-NE-147,21.364201236707352,outside_claimed_state_far_away
nss_shelters-333700,333700,New Castle Recreation Building,301 Wentworth Road,NEWCASTLE,ROCKINGHAM,NH,3854.0,CLOSED,state,USA-NH,,,USA-NH,43.06386775,-70.7174745,True,True,USA-NH-015,0.0,runtime_missed_county_containment
nss_shelters-343393,343393,Rye Elementary School,461 Sagamore Rd,RYE,ROCKINGHAM,NH,3870.0,CLOSED,state,USA-NH,,,USA-NH,43.029065,-70.75392,True,True,USA-NH-015,0.0,runtime_missed_county_containment
nss_shelters-225714,225714,Rye Junior High School,501 WASHINGTON RD,RYE,ROCKINGHAM,NH,3870.0,CLOSED,state,USA-NH,,,USA-NH,43.01571733,-70.76176639,True,True,USA-NH-015,0.0,runtime_missed_county_containment
nss_shelters-359099,359099,Warming Center - Hampton Police Department,100 Brown Avenue,HAMPTON,ROCKINGHAM,NH,3842.0,CLOSED,state,USA-NH,,,USA-NH,42.9095112,-70.8140003,True,True,USA-NH-015,0.0,runtime_missed_county_containment
nss_shelters-339231,339231,Asbury Park Towers,1701 Ocean Ave,ASBURY PARK,Monmouth,NJ,7712.0,CLOSED,state,USA-NJ,,,USA-NJ,40.22809783,-73.99773389,False,False,USA-NJ-025,0.001390561844469793,outside_state_but_near_claimed_state_county
nss_shelters-348035,348035,Atlantic City High School,1400 Albany Blvd,ATLANTIC CITY,ATLANTIC,NJ,8401.0,CLOSED,state,USA-NJ,,,USA-NJ,39.36769845,-74.47338404,False,False,USA-NJ-001,0.00010597429786403975,outside_state_but_near_claimed_state_county
nss_shelters-332062,332062,Avalon,20th and Dune Drive,Avalon,Cape May,NJ,8202.0,CLOSED,state,USA-NJ,,,USA-NJ,39.10229953,-74.71754225,False,False,USA-NJ-009,0.016492576495411436,outside_state_but_near_claimed_state_county
nss_shelters-342688,342688,BETHEL UNITED METHODIST CHURCH,DORAN AVE & BETHEL RD,SOMERS POINT,ATLANTIC,NJ,8244.0,CLOSED,state,USA-NJ,,,USA-NJ,39.32650052,-74.59428118,True,True,USA-NJ-001,0.0,runtime_missed_county_containment
nss_shelters-334631,334631,Boardwalk Hall,2301 Boardwalk,ATLANTIC CITY,Atlantic,NJ,8401.0,CLOSED,state,USA-NJ,,,USA-NJ,39.35414568,-74.4373225,True,True,USA-NJ-001,0.0,runtime_missed_county_containment
nss_shelters-222619,222619,Brigantine Elementary School Complex,301 E EVAN BLVD,BRIGANTINE,ATLANTIC,NJ,8203.0,CLOSED,state,USA-NJ,,,USA-NJ,39.40214418,-74.37907164,True,True,USA-NJ-001,0.0,runtime_missed_county_containment
nss_shelters-344662,344662,Byrne Community Center,401 W. Youngs Ave,WILDWOOD,CAPE MAY,NJ,8260.0,CLOSED,state,USA-NJ,,,USA-NJ,38.992195,-74.824007,True,True,USA-NJ-009,0.0,runtime_missed_county_containment
nss_shelters-222556,222556,CHRIST EPISCOPAL CHURCH,157 SHORE RD,SOMERS POINT,ATLANTIC,NJ,8244.0,CLOSED,state,USA-NJ,,,USA-NJ,39.32526845,-74.58689774,True,True,USA-NJ-001,0.0,runtime_missed_county_containment
nss_shelters-330091,330091,Cape May Point Fire Department,412 Yale Ave,CAPE MAY POINT,CAPE MAY,NJ,8212.0,CLOSED,state,USA-NJ,,,USA-NJ,38.93544803,-74.96657951,False,False,USA-NJ-009,0.005004368906447819,outside_state_but_near_claimed_state_county
nss_shelters-222485,222485,Dawes Elementary School,22 W DAWES AVE,SOMERS POINT,ATLANTIC,NJ,8244.0,CLOSED,state,USA-NJ,,,USA-NJ,39.32485476,-74.58941584,True,True,USA-NJ-001,0.0,runtime_missed_county_containment
nss_shelters-222484,222484,Deal Elementary School,2001 ROSELD AVE,DEAL,MONMOUTH,NJ,7723.0,CLOSED,state,USA-NJ,,,USA-NJ,40.24561277,-73.99272969,False,False,USA-NJ-025,0.0014261411217274123,outside_state_but_near_claimed_state_county
nss_shelters-222453,222453,East Dover Elementary School,725 Vaughn Ave,TOMS RIVER,OCEAN,NJ,8753.0,CLOSED,state,USA-NJ,,,USA-NJ,39.96671888,-74.1507985,True,True,USA-NJ-029,0.0,runtime_missed_county_containment
nss_shelters-222404,222404,Ethel A. Jacobs Elementary School,200  Barnegat Ave,BEACH HAVEN,OCEAN,NJ,8008.0,CLOSED,state,USA-NJ,,,USA-NJ,39.6554107,-74.17717635,False,True,USA-NJ-029,0.0,runtime_missed_county_containment
nss_shelters-222399,222399,Eugeane A Tighe School,7804 Amberst Ave.,MARGATE CITY,ATLANTIC,NJ,8402.0,CLOSED,state,USA-NJ,,,USA-NJ,39.32941518,-74.50661064,True,True,USA-NJ-001,0.0,runtime_missed_county_containment
nss_shelters-222398,222398,Eugene A Tighe Elementary School,7804 AMHERST AVE,MARGATE CITY,ATLANTIC,NJ,8402.0,CLOSED,state,USA-NJ,,,USA-NJ,39.335143,-74.50085061,True,True,USA-NJ-001,0.0,runtime_missed_county_containment
nss_shelters-222365,222365,First United Methodist Church,111 Ocean Ave,ISLAND HEIGHTS,OCEAN,NJ,8732.0,CLOSED,state,USA-NJ,,,USA-NJ,39.94212182,-74.14854474,False,True,USA-NJ-029,0.0,runtime_missed_county_containment
nss_shelters-222306,222306,GRACE LUTHERAN CHURCH,11 E DAWES AVE,SOMERS POINT,ATLANTIC,NJ,8244.0,CLOSED,state,USA-NJ,,,USA-NJ,39.32390148,-74.58768915,True,True,USA-NJ-001,0.0,runtime_missed_county_containment
nss_shelters-222268,222268,Harvey Cedars Bible Conference,12 Cedars Ave,BEACH HAVEN,OCEAN,NJ,8008.0,CLOSED,state,USA-NJ,,,USA-NJ,39.73897457,-74.11834197,True,True,USA-NJ-029,0.0,runtime_missed_county_containment
nss_shelters-222259,222259,Hazlet Middle School,1639 Union Ave,HAZLET,MONMOUTH,NJ,7730.0,CLOSED,state,USA-NJ,,,USA-NJ,40.43404258,-74.16399156,True,True,USA-NJ-025,0.0,runtime_missed_county_containment
nss_shelters-222257,222257,Henry Hudson Regional School,1 GRAND TOUR,HIGHLANDS,MONMOUTH,NJ,7732.0,CLOSED,state,USA-NJ,,,USA-NJ,40.39125283,-73.98858779,True,False,USA-NJ-025,0.00609704920340922,inside_state_near_county_edge
nss_shelters-345966,345966,Holly Beach Fire Company,4310 Washington Avenue,WILDWOOD,CAPE MAY,NJ,8260.0,CLOSED,state,USA-NJ,,,USA-NJ,38.9871849,-74.821747,True,True,USA-NJ-009,0.0,runtime_missed_county_containment
nss_shelters-342400,342400,ISLAND HEIGHTS FIRST AID SQUAD,LAKE AVE & CENTRAL AVE,ISLAND HEIGHTS,OCEAN,NJ,8732.0,CLOSED,state,USA-NJ,,,USA-NJ,39.94517112,-74.14942254,True,True,USA-NJ-029,0.0,runtime_missed_county_containment
nss_shelters-222206,222206,ISLAND HEIGHTS GRADE SCHOOL,115 SUMMIT AVE,ISLAND HEIGHTS,OCEAN,NJ,8732.0,CLOSED,state,USA-NJ,,,USA-NJ,39.94363817,-74.14798839,False,True,USA-NJ-029,0.0,runtime_missed_county_containment
nss_shelters-342147,342147,Island Heights Volunteer Fire Company,LAKE AND MAPLE AVE,ISLAND HEIGHTS,OCEAN,NJ,8732.0,CLOSED,state,USA-NJ,,,USA-NJ,39.95147,-74.148443,True,True,USA-NJ-029,0.0,runtime_missed_county_containment
nss_shelters-222177,222177,JORDAN RD SCHOOL,129 JORDAN RD,SOMERS POINT,ATLANTIC,NJ,8244.0,CLOSED,state,USA-NJ,,,USA-NJ,39.32063572,-74.60699593,True,True,USA-NJ-001,0.0,runtime_missed_county_containment
nss_shelters-222188,222188,Jewish Federation Of Atlantic,501 N JEROME AVE,MARGATE CITY,ATLANTIC,NJ,8402.0,CLOSED,state,USA-NJ,,,USA-NJ,39.33326342,-74.50862975,True,True,USA-NJ-001,0.0,runtime_missed_county_containment
nss_shelters-222173,222173,Joseph C. Caruso Elementary School,81 Frances Place,KEANSBURG,MONMOUTH,NJ,7734.0,CLOSED,state,USA-NJ,,,USA-NJ,40.44390814,-74.13184979,True,True,USA-NJ-025,0.0,runtime_missed_county_containment
nss_shelters-222171,222171,Joseph R. Bolger Middle School,100 Palmer Place,KEANSBURG,MONMOUTH,NJ,7734.0,CLOSED,state,USA-NJ,,,USA-NJ,40.43747799,-74.12985329,True,True,USA-NJ-025,0.0,runtime_missed_county_containment
nss_shelters-222165,222165,KEANSBURG HIGH SCHOOL,140 PORT MONMOUTH RD,KEANSBURG,MONMOUTH,NJ,7734.0,CLOSED,state,USA-NJ,,,USA-NJ,40.44178574,-74.12509588,True,True,USA-NJ-025,0.0,runtime_missed_county_containment
nss_shelters-222090,222090,Long Beach Island Grade School,201 20th ST,BEACH HAVEN,OCEAN,NJ,8008.0,CLOSED,state,USA-NJ,,,USA-NJ,39.66787628,-74.1625478,False,False,USA-NJ-029,2.4923811582305126e-05,outside_state_but_near_claimed_state_county
nss_shelters-221505,221505,Margate Municipal Building,9001 WINCHESTER AVE,MARGATE CITY,ATLANTIC,NJ,8402.0,CLOSED,state,USA-NJ,,,USA-NJ,39.32518751,-74.51217307,True,True,USA-NJ-001,0.0,runtime_missed_county_containment
nss_shelters-222001,222001,Memorial School,221 Morningside Avenue,KEYPORT,MONMOUTH,NJ,7735.0,CLOSED,state,USA-NJ,,,USA-NJ,40.44071554,-74.17396504,True,True,USA-NJ-025,0.0,runtime_missed_county_containment
nss_shelters-222602,222602,Mission Point CHURCH,900 W NEW YORK AVE,SOMERS POINT,ATLANTIC,NJ,8244.0,CLOSED,state,USA-NJ,,,USA-NJ,39.3188293,-74.60532485,True,True,USA-NJ-001,0.0,runtime_missed_county_containment
nss_shelters-221901,221901,North Wildwood Community Center,900 CENTRAL AVE,WILDWOOD,Cape May,NJ,8260.0,CLOSED,state,USA-NJ,,,USA-NJ,39.00242982,-74.7975999,True,True,USA-NJ-009,0.0,runtime_missed_county_containment
nss_shelters-221885,221885,Ocean Avenue School,235 Ocean Ave,MIDDLETOWN,MONMOUTH,NJ,7748.0,CLOSED,state,USA-NJ,,,USA-NJ,40.43695638,-74.11672319,True,True,USA-NJ-025,0.0,runtime_missed_county_containment
nss_shelters-221882,221882,Ocean City High School,501 ALANTIC AVE,OCEAN CITY,Cape May,NJ,8226.0,CLOSED,state,USA-NJ,,,USA-NJ,39.28024732,-74.56816156,False,False,USA-NJ-009,0.00022354651402530694,outside_state_but_near_claimed_state_county
nss_shelters-221797,221797,Port Monmouth Elementary School,202 Main Street,PORT MONMOUTH,MONMOUTH,NJ,7758.0,CLOSED,state,USA-NJ,,,USA-NJ,40.42763041,-74.10525684,True,True,USA-NJ-025,0.0,runtime_missed_county_containment
nss_shelters-221796,221796,Port Monmouth Road School,142 Port Monmouth Road,KEANSBURG,MONMOUTH,NJ,7734.0,CLOSED,state,USA-NJ,,,USA-NJ,40.44180372,-74.12501494,True,True,USA-NJ-025,0.0,runtime_missed_county_containment
nss_shelters-221656,221656,SEASIDE HEIGHTS FIRE DEPARTMENT INACTIVE,116 SHERMAN AVE,SEASIDE HEIGHTS,OCEAN,NJ,8751.0,CLOSED,state,USA-NJ,,,USA-NJ,39.94321959,-74.07132542,False,False,USA-NJ-029,0.0005159703760982476,outside_state_but_near_claimed_state_county
nss_shelters-221654,221654,SEAVIEW BAPTIST CHURCH,2025 Shore Dr,LINWOOD,ATLANTIC,NJ,8221.0,CLOSED,state,USA-NJ,,,USA-NJ,39.33356968,-74.58027518,True,True,USA-NJ-001,0.0,runtime_missed_county_containment
nss_shelters-221695,221695,Saint Catharine Of Siena Church,50 E Street,SEASIDE PARK,OCEAN,NJ,8752.0,CLOSED,state,USA-NJ,,,USA-NJ,39.92627636,-74.07432915,False,False,USA-NJ-029,5.104909627351561e-05,outside_state_but_near_claimed_state_county
nss_shelters-221684,221684,Saint Joseph Regional School,11 HARBOR LANE,SOMERS POINT,ATLANTIC,NJ,8244.0,CLOSED,state,USA-NJ,,,USA-NJ,39.31743535,-74.59376856,True,True,USA-NJ-001,0.0,runtime_missed_county_containment
nss_shelters-221669,221669,Saint Phillips School,4101 W BRIGANTINE AVE,BRIGANTINE,ATLANTIC,NJ,8203.0,CLOSED,state,USA-NJ,,,USA-NJ,39.38951601,-74.3916999,True,True,USA-NJ-001,0.0,runtime_missed_county_containment
nss_shelters-221632,221632,Sisters Of St Joseph's Church,606 SHORE RD,SOMERS POINT,ATLANTIC,NJ,8244.0,CLOSED,state,USA-NJ,,,USA-NJ,39.31686878,-74.59355273,True,True,USA-NJ-001,0.0,runtime_missed_county_containment
nss_shelters-221621,221621,South Amboy Middle High School,200 Governor Harold G Hoffman Plaza,SOUTH AMBOY,MIDDLESEX,NJ,8879.0,CLOSED,state,USA-NJ,,,USA-NJ,40.48151338,-74.27415897,True,True,USA-NJ-023,0.0,runtime_missed_county_containment
nss_shelters-348108,348108,St. Peter & Paul Church,404 Hudson Street,HOBOKEN,HUDSON,NJ,7030.0,CLOSED,state,USA-NJ,,,USA-NJ,40.74113592,-74.02868224,False,True,USA-NJ-017,0.0,runtime_missed_county_containment
nss_shelters-221520,221520,Toms River High School East,1225 Raider Way,TOMS RIVER,OCEAN,NJ,8753.0,CLOSED,state,USA-NJ,,,USA-NJ,39.96793296,-74.14249776,True,True,USA-NJ-029,0.0,runtime_missed_county_containment
nss_shelters-221494,221494,Upper Township Elementary School,50 NorthTUCKAHOE RD,MARMORA,Cape May,NJ,8223.0,CLOSED,state,USA-NJ,,,USA-NJ,39.26878203,-74.64699943,True,True,USA-NJ-009,0.0,runtime_missed_county_containment
nss_shelters-356943,356943,Upper Township Primary School,130 Old NorthTuckahoe Road,MARMORA,CAPE MAY,NJ,8223.0,CLOSED,state,USA-NJ,,,USA-NJ,39.27091,-74.646735,True,True,USA-NJ-009,0.0,runtime_missed_county_containment
nss_shelters-361318,361318,Uptown School Complex,323 Madison Avenue,ATLANTIC CITY,ATLANTIC,NJ,8401.0,CLOSED,state,USA-NJ,,,USA-NJ,39.3710565,-74.4172763,False,True,USA-NJ-001,0.0,runtime_missed_county_containment
nss_shelters-221488,221488,Ventnor Educational Community Complex,400 Lafayett Avenue,VENTNOR CITY,ATLANTIC,NJ,8406.0,CLOSED,state,USA-NJ,,,USA-NJ,39.34230318,-74.48191464,True,True,USA-NJ-001,0.0,runtime_missed_county_containment
nss_shelters-221483,221483,Veterans Of Foreign Wars Post 3729,17 E Winifred Ave,BEACH HAVEN,OCEAN,NJ,8008.0,CLOSED,state,USA-NJ,,,USA-NJ,39.61083017,-74.20434414,False,True,USA-NJ-029,0.0,runtime_missed_county_containment
nss_shelters-221465,221465,W.H. ROSS III SCHOOL,101 N HAVERFORD AVE,MARGATE CITY,ATLANTIC,NJ,8402.0,CLOSED,state,USA-NJ,,,USA-NJ,39.33097914,-74.50222657,True,True,USA-NJ-001,0.0,runtime_missed_county_containment
nss_shelters-332068,332068,WILDWOOD,200 West Young Avenue,Wildwood,Cape May,NJ,8260.0,CLOSED,state,USA-NJ,,,USA-NJ,38.98937167,-74.82098227,True,True,USA-NJ-009,0.0,runtime_missed_county_containment
nss_shelters-332119,332119,Wildwood Crest Fire Dept,7100 Pacific Ave,WILDWOOD,CAPE MAY,NJ,8260.0,CLOSED,state,USA-NJ,,,USA-NJ,38.97213166,-74.83747584,True,True,USA-NJ-009,0.0,runtime_missed_county_containment
nss_shelters-345171,345171,Wildwood Fire Company #1,111 E. Pine Avenue,WILDWOOD,CAPE MAY,NJ,8260.0,CLOSED,state,USA-NJ,,,USA-NJ,38.9919395,-74.8135699,True,True,USA-NJ-009,0.0,runtime_missed_county_containment
nss_shelters-345172,345172,Wildwood High School,4300 Pacific Avenue,WILDWOOD,CAPE MAY,NJ,8260.0,CLOSED,state,USA-NJ,,,USA-NJ,38.985946,-74.820015,True,True,USA-NJ-009,0.0,runtime_missed_county_containment
nss_shelters-345192,345192,Wildwood Sandman Tower,3700 New Jersey Avenue #100,WILDWOOD,CAPE MAY,NJ,8260.0,CLOSED,state,USA-NJ,,,USA-NJ,38.990276,-74.817624,True,True,USA-NJ-009,0.0,runtime_missed_county_containment
nss_shelters-332134,332134,Wildwoods Convention Center,4501 Boardwalk,WILDWOOD,Cape May,NJ,8260.0,CLOSED,state,USA-NJ,,,USA-NJ,38.98198823,-74.81714217,True,True,USA-NJ-009,0.0,runtime_missed_county_containment
nss_shelters-349021,349021,Bayley Seton,79 Vanderbilt Ave,STATEN ISLAND,RICHMOND,NY,10304.0,CLOSED,state,USA-NY,,,USA-NY,40.62135452,-74.07485715,True,True,USA-NY-085,0.0,runtime_missed_county_containment
nss_shelters-363833,363833,Boys & Girls Republic (Henry Street Settlement),888 East 6th Street,NY,NEW YORK,NY,10001.0,CLOSED,state,USA-NY,,,USA-NY,40.72207,-73.97624,True,True,USA-NY-047,0.0,runtime_missed_county_containment
nss_shelters-352397,352397,Carey Gardens Community Center,2315 Surf Ave,BROOKLYN,KINGS,NY,11224.0,CLOSED,state,USA-NY,,,USA-NY,40.5739546,-73.9898628,True,False,USA-NY-047,0.02384014304303625,inside_state_far_from_any_county
nss_shelters-359769,359769,Coney Island Library,1901 Mermaid Ave,BROOKLYN,KINGS,NY,11224.0,CLOSED,state,USA-NY,,,USA-NY,40.576766,-73.9861146,True,False,USA-NY-047,0.019705454992232245,inside_state_far_from_any_county
nss_shelters-359874,359874,Cooling Center  BRC Neighborhood NSC,30 Delancey St,MANHATTAN,NEW YORK,NY,10002.0,CLOSED,state,USA-NY,,,USA-NY,40.7204349,-73.9922266,True,True,USA-NY-061,0.0,runtime_missed_county_containment
nss_shelters-359596,359596,Cooling Center - Auburndale-Clearview Library,25-55 Fancis Lewis Blvd,QUEENS,QUEENS,NY,11358.0,CLOSED,state,USA-NY,,,USA-NY,40.7737355,-73.7963392,True,True,USA-NY-081,0.0,runtime_missed_county_containment
nss_shelters-359781,359781,Cooling Center - Bensonhurst Corps Comm,7307 18 Av,BROOKLYN,KINGS,NY,11204.0,CLOSED,state,USA-NY,,,USA-NY,40.6140834,-73.9948941,True,True,USA-NY-047,0.0,runtime_missed_county_containment
nss_shelters-359631,359631,Cooling Center - Broad Channel Library,16-26 Crossbay Blvd,QUEENS,QUEENS,NY,11693.0,CLOSED,state,USA-NY,,,USA-NY,40.6007441,-73.8200546,False,False,USA-NY-081,0.010154035958389233,outside_state_but_near_claimed_state_county
nss_shelters-359785,359785,Cooling Center - CCNS Moose Lodge NSC,77-11 18 Av,BROOKLYN,KINGS,NY,11214.0,CLOSED,state,USA-NY,,,USA-NY,40.6007948,-74.009394,True,False,USA-NY-047,0.0078036210376324555,inside_state_near_county_edge
nss_shelters-359887,359887,Cooling Center - CCNS St Charles NSC,55 Pierrepont St,BROOKLYN,KINGS,NY,11201.0,CLOSED,state,USA-NY,,,USA-NY,40.6960331,-73.9950498,True,True,USA-NY-047,0.0,runtime_missed_county_containment
nss_shelters-360017,360017,Cooling Center - Campos Plaza,611 E 13 St,MANHATTAN,NEW YORK,NY,10009.0,CLOSED,state,USA-NY,,,USA-NY,40.7287713,-73.9775759,True,True,USA-NY-061,0.0,runtime_missed_county_containment
nss_shelters-359888,359888,Cooling Center - Chatham Square Library,33 East Broadway,MANHATTAN,NEW YORK,NY,10002.0,CLOSED,state,USA-NY,,,USA-NY,40.7133757,-73.9964929,True,True,USA-NY-061,0.0,runtime_missed_county_containment
nss_shelters-359885,359885,Cooling Center - City Hall NSC,100 Gold St,MANHATTAN,NEW YORK,NY,10038.0,CLOSED,state,USA-NY,,,USA-NY,40.7102606,-74.0035348,True,True,USA-NY-061,0.0,runtime_missed_county_containment
nss_shelters-359979,359979,Cooling Center - Council Center for Senior Citizens NSC,1001 Quentin Rd,BROOKLYN,KINGS,NY,11223.0,CLOSED,state,USA-NY,,,USA-NY,40.6079811,-73.9628436,True,True,USA-NY-047,0.0,runtime_missed_county_containment
nss_shelters-359926,359926,Cooling Center - Flatlands Library,2065 Flatbush Av,BROOKLYN,KINGS,NY,11234.0,CLOSED,state,USA-NY,,,USA-NY,40.6197878,-73.9331884,True,True,USA-NY-047,0.0,runtime_missed_county_containment
nss_shelters-359786,359786,Cooling Center - Fort Hamilton Recreation Center,9941 Fort Hamilton Pkwy,BROOKLYN,KINGS,NY,11209.0,CLOSED,state,USA-NY,,,USA-NY,40.6119391,-74.031686,True,False,USA-NY-047,0.007154232261170955,inside_state_near_county_edge
nss_shelters-359920,359920,Cooling Center - Gerritsen Beach Library,2808 Gerritsen Av,BROOKLYN,KINGS,NY,11229.0,CLOSED,state,USA-NY,,,USA-NY,40.5913411,-73.9240055,True,True,USA-NY-047,0.0,runtime_missed_county_containment
nss_shelters-359772,359772,Cooling Center - Gravesend Library,303 Av X,BROOKLYN,KINGS,NY,11223.0,CLOSED,state,USA-NY,,,USA-NY,40.5903838,-73.9717053,True,False,USA-NY-047,0.0012651884946503552,inside_state_near_county_edge
nss_shelters-359728,359728,Cooling Center - Haber House NSC,3024 W 24 St,BROOKLYN,KINGS,NY,11224.0,CLOSED,state,USA-NY,,,USA-NY,40.5729282,-73.9907934,True,False,USA-NY-047,0.025164154462813997,inside_state_far_from_any_county
nss_shelters-359732,359732,Cooling Center - Highlawn Library,1664 W 13 St,BROOKLYN,KINGS,NY,11223.0,CLOSED,state,USA-NY,,,USA-NY,40.6056972,-73.9862328,True,True,USA-NY-047,0.0,runtime_missed_county_containment
nss_shelters-359776,359776,Cooling Center - Homecrest Bensonhurst NSC,7907 New Utrecht Av,BROOKLYN,KINGS,NY,11214.0,CLOSED,state,USA-NY,,,USA-NY,40.6122868,-74.0006572,True,True,USA-NY-047,0.0,runtime_missed_county_containment
nss_shelters-359882,359882,Cooling Center - Homecrest Library,2525 Coney Is Av,BROOKLYN,KINGS,NY,11223.0,CLOSED,state,USA-NY,,,USA-NY,40.5952311,-73.9605949,True,True,USA-NY-047,0.0,runtime_missed_county_containment
nss_shelters-359775,359775,Cooling Center - House of Jacob,6222 23 Av,BROOKLYN,KINGS,NY,11204.0,CLOSED,state,USA-NY,,,USA-NY,40.6139272,-73.9780522,True,True,USA-NY-047,0.0,runtime_missed_county_containment
nss_shelters-359725,359725,Cooling Center - JASA Luna Park NSC,2880 W 12 St,BROOKLYN,KINGS,NY,11224.0,CLOSED,state,USA-NY,,,USA-NY,40.5775029,-73.9802664,True,False,USA-NY-047,0.016560081431874884,inside_state_far_from_any_county
nss_shelters-359727,359727,Cooling Center - JASA Sheuer House of Coney Island NSC,3601 Surf Av,BROOKLYN,KINGS,NY,11224.0,CLOSED,state,USA-NY,,,USA-NY,40.5736493,-74.0020668,False,False,USA-NY-047,0.029287530986914143,outside_state_but_near_claimed_state_county
nss_shelters-359729,359729,Cooling Center - JCCGCI ISC,3001 W 37 St,BROOKLYN,KINGS,NY,11224.0,CLOSED,state,USA-NY,,,USA-NY,40.5727599,-74.0024358,False,False,USA-NY-047,0.03024949705434003,outside_state_but_near_claimed_state_county
nss_shelters-360016,360016,Cooling Center - John Paul II Friendship NSC,103 East 7th St,MANHATTAN,NEW YORK,NY,10009.0,CLOSED,state,USA-NY,,,USA-NY,40.7268429,-73.9848284,True,True,USA-NY-061,0.0,runtime_missed_county_containment
nss_shelters-359982,359982,Cooling Center - Kings Highway Library,2115 Ocean Av,BROOKLYN,KINGS,NY,11229.0,CLOSED,state,USA-NY,,,USA-NY,40.6102427,-73.9531128,True,True,USA-NY-047,0.0,runtime_missed_county_containment
nss_shelters-359924,359924,Cooling Center - Marine Park Active Adults NSC,3000 Fillmore Av,BROOKLYN,KINGS,NY,11234.0,CLOSED,state,USA-NY,,,USA-NY,40.605915,-73.9346778,True,True,USA-NY-047,0.0,runtime_missed_county_containment
nss_shelters-359770,359770,Cooling Center - Marlboro NSC,2298 W 8 St,BROOKLYN,KINGS,NY,11223.0,CLOSED,state,USA-NY,,,USA-NY,40.5918572,-73.9787464,True,False,USA-NY-047,0.0029139004920040712,inside_state_near_county_edge
nss_shelters-359784,359784,Cooling Center - New Utrecht Library,1743 86 St,BROOKLYN,KINGS,NY,11214.0,CLOSED,state,USA-NY,,,USA-NY,40.6079897,-74.0033984,True,True,USA-NY-047,0.0,runtime_missed_county_containment
nss_shelters-359720,359720,Cooling Center - O'Dwyer,2945 W 33 St,BROOKLYN,KINGS,NY,11224.0,CLOSED,state,USA-NY,,,USA-NY,40.5739173,-73.9987812,False,False,USA-NY-047,0.02765266413223954,outside_state_but_near_claimed_state_county
nss_shelters-359649,359649,Cooling Center - Ocean Breeze Athletic Complex,625 Father Capodanno Blvd.,STATEN ISLAND,RICHMOND,NY,10305.0,CLOSED,state,USA-NY,,,USA-NY,40.583413,-74.0737244,False,False,USA-NY-085,0.0008797567217006229,outside_state_but_near_claimed_state_county
nss_shelters-359974,359974,Cooling Center - Ocean Parkway NSC,1960 E7 St,BROOKLYN,KINGS,NY,11223.0,CLOSED,state,USA-NY,,,USA-NY,40.60283,-73.9653257,True,True,USA-NY-047,0.0,runtime_missed_county_containment
nss_shelters-360020,360020,Cooling Center - Ottendorfer Library,135 2 Av,MANHATTAN,NEW YORK,NY,10003.0,CLOSED,state,USA-NY,,,USA-NY,40.728924,-73.9876753,True,True,USA-NY-061,0.0,runtime_missed_county_containment
nss_shelters-359754,359754,Cooling Center - Poppenhusen Library,121-23 14 Av,QUEENS,QUEENS,NY,11356.0,CLOSED,state,USA-NY,,,USA-NY,40.7859961,-73.8459825,True,True,USA-NY-081,0.0,runtime_missed_county_containment
nss_shelters-359980,359980,Cooling Center - Risa Neighborhood NSC,546 Main St,ROOSEVELT ISLAND,NEW YORK,NY,10044.0,CLOSED,state,USA-NY,,,USA-NY,40.7617544,-73.9496385,False,False,USA-NY-061,0.0017752807100123275,outside_state_but_near_claimed_state_county
nss_shelters-359978,359978,Cooling Center - Roosevelt Island Library,524 Main St,NY CITY,NEW YORK,NY,10044.0,CLOSED,state,USA-NY,,,USA-NY,40.7612182,-73.9502064,False,False,USA-NY-061,0.001948465765638628,outside_state_but_near_claimed_state_county
nss_shelters-359886,359886,Cooling Center - Rutgers,200 Madison St,MANHATTAN,NEW YORK,NY,10002.0,CLOSED,state,USA-NY,,,USA-NY,40.7121859,-73.9906981,True,True,USA-NY-061,0.0,runtime_missed_county_containment
nss_shelters-359773,359773,Cooling Center - Ryder Library,5902 23 Av,BROOKLYN,KINGS,NY,11204.0,CLOSED,state,USA-NY,,,USA-NY,40.6159251,-73.9759804,True,True,USA-NY-047,0.0,runtime_missed_county_containment
nss_shelters-359597,359597,Cooling Center - Selfhelp Clearview NSC,208-11 26 Av,QUEENS,QUEENS,NY,11360.0,CLOSED,state,USA-NY,,,USA-NY,40.7766163,-73.7837033,True,True,USA-NY-081,0.0,runtime_missed_county_containment
nss_shelters-359977,359977,Cooling Center - Sephardic Multi Service NSC,485 Kings Hwy,BROOKLYN,KINGS,NY,11223.0,CLOSED,state,USA-NY,,,USA-NY,40.604498,-73.971525,True,True,USA-NY-047,0.0,runtime_missed_county_containment
nss_shelters-359923,359923,Cooling Center - Sheepshead/Nostrand,3679 Nostrand Av,BROOKLYN,KINGS,NY,11229.0,CLOSED,state,USA-NY,,,USA-NY,40.5942664,-73.9403421,True,True,USA-NY-047,0.0,runtime_missed_county_containment
nss_shelters-359686,359686,Cooling Center - Shore Hill NSC,9000 Shore Rd,BROOKLYN,KINGS,NY,11209.0,CLOSED,state,USA-NY,,,USA-NY,40.6219312,-74.0396734,True,False,USA-NY-047,0.0014876358981563472,inside_state_near_county_edge
nss_shelters-360023,360023,Cooling Center - Sirovich NSC,331 E 12 St,MANHATTAN,NEW YORK,NY,10003.0,CLOSED,state,USA-NY,,,USA-NY,40.7305757,-73.9843112,True,True,USA-NY-061,0.0,runtime_missed_county_containment
nss_shelters-359688,359688,Cooling Center - South Beach,155 Norway Av,STATEN ISLAND,RICHMOND,NY,10305.0,CLOSED,state,USA-NY,,,USA-NY,40.5944682,-74.078616,True,True,USA-NY-085,0.0,runtime_missed_county_containment
nss_shelters-359691,359691,Cooling Center - South Beach Library,21-15 Robin Rd,STATEN ISLAND,RICHMOND,NY,10305.0,CLOSED,state,USA-NY,,,USA-NY,40.5957942,-74.0630226,True,True,USA-NY-085,0.0,runtime_missed_county_containment
nss_shelters-360013,360013,Cooling Center - Tompkins Square Library,331 E 10 St,MANHATTAN,NEW YORK,NY,10009.0,CLOSED,state,USA-NY,,,USA-NY,40.7272833,-73.9804103,True,True,USA-NY-061,0.0,runtime_missed_county_containment
nss_shelters-359958,359958,Cooling Center - Webster Library,1465 York Av,MANHATTAN,NEW YORK,NY,10021.0,CLOSED,state,USA-NY,,,USA-NY,40.7706486,-73.9513245,True,True,USA-NY-061,0.0,runtime_missed_county_containment
nss_shelters-359627,359627,Cooling Center - Whitestone Library,151-10 14 Rd,QUEENS,QUEENS,NY,11357.0,CLOSED,state,USA-NY,,,USA-NY,40.7885658,-73.8106229,True,True,USA-NY-081,0.0,runtime_missed_county_containment
nss_shelters-359752,359752,Cooling Center -Hanac Angelo Petromelis NSC,13-28 123 St,QUEENS,QUEENS,NY,11356.0,CLOSED,state,USA-NY,,,USA-NY,40.7857744,-73.8447871,True,True,USA-NY-081,0.0,runtime_missed_county_containment
nss_shelters-359871,359871,Cooling Center- University Settlement NSC,189 Allen St,MANHATTAN,NEW YORK,NY,10002.0,CLOSED,state,USA-NY,,,USA-NY,40.7222076,-73.9895231,True,True,USA-NY-061,0.0,runtime_missed_county_containment
nss_shelters-360062,360062,Cooling Center-Baruch,605 FDR Drive,MANHATTAN,NEW YORK,NY,10002.0,CLOSED,state,USA-NY,,,USA-NY,40.7181587,-73.9755136,False,True,USA-NY-047,0.0,runtime_missed_county_containment
nss_shelters-360019,360019,Cooling Center-Battery Park City Library,175 North End Av,MANHATTAN,NEW YORK,NY,10282.0,CLOSED,state,USA-NY,,,USA-NY,40.7156137,-74.0158532,True,True,USA-NY-061,0.0,runtime_missed_county_containment
nss_shelters-359588,359588,Cooling Center-Bay Terrace Library,18-36 Bell Blvd,QUEENS,QUEENS,NY,11360.0,CLOSED,state,USA-NY,,,USA-NY,40.7826538,-73.7766666,True,True,USA-NY-081,0.0,runtime_missed_county_containment
nss_shelters-360004,360004,Cooling Center-Brighton Beach,16 Brighton First Road,BROOKLYN,KINGS,NY,11235.0,CLOSED,state,USA-NY,,,USA-NY,40.5761784,-73.9667995,False,False,USA-NY-047,0.012053877848681116,outside_state_but_near_claimed_state_county
nss_shelters-360001,360001,Cooling Center-CCNS the Bay NSC,3643 Nostrand Av,BROOKLYN,KINGS,NY,11229.0,CLOSED,state,USA-NY,,,USA-NY,40.5951823,-73.9405785,True,True,USA-NY-047,0.0,runtime_missed_county_containment
nss_shelters-359589,359589,Cooling Center-City Island Library,320 City Island Av,BRONX,BRONX,NY,10464.0,CLOSED,state,USA-NY,,,USA-NY,40.847696,-73.7863239,False,False,USA-NY-005,0.013420083584274562,outside_state_but_near_claimed_state_county
nss_shelters-360041,360041,Cooling Center-Farragut NSC,228 York St,BROOKLYN,KINGS,NY,11217.0,CLOSED,state,USA-NY,,,USA-NY,40.7005323,-73.9815044,True,True,USA-NY-047,0.0,runtime_missed_county_containment
nss_shelters-360066,360066,Cooling Center-Good Companions NSC,334 Madison St,MANHATTAN,NEW YORK,NY,10002.0,CLOSED,state,USA-NY,,,USA-NY,40.7131698,-73.9828465,True,True,USA-NY-047,0.0,runtime_missed_county_containment
nss_shelters-360051,360051,Cooling Center-Grand Coalition of Seniors NSC,80 Pitt St,MANHATTAN,NEW YORK,NY,10002.0,CLOSED,state,USA-NY,,,USA-NY,40.7183024,-73.9817853,True,True,USA-NY-047,0.0,runtime_missed_county_containment
nss_shelters-360056,360056,Cooling Center-Hamilton Fish Park Library,415 East Houston St,MANHATTAN,NEW YORK,NY,10002.0,CLOSED,state,USA-NY,,,USA-NY,40.719747,-73.9794058,True,True,USA-NY-047,0.0,runtime_missed_county_containment
nss_shelters-360008,360008,Cooling Center-JASA Manhattan Beach NSC,60 West End Av,BROOKLYN,KINGS,NY,11235.0,CLOSED,state,USA-NY,,,USA-NY,40.5804399,-73.9539081,True,False,USA-NY-047,0.0027317034867189037,inside_state_near_county_edge
nss_shelters-360005,360005,Cooling Center-JASA Senior Alliance NSC,161 Corbin Pl,BROOKLYN,KINGS,NY,11235.0,CLOSED,state,USA-NY,,,USA-NY,40.5776772,-73.9538407,False,False,USA-NY-047,0.00520560557888873,outside_state_but_near_claimed_state_county
nss_shelters-360003,360003,Cooling Center-JASA ShoreFront NSC,3300 Coney Island Av,BROOKLYN,KINGS,NY,11235.0,CLOSED,state,USA-NY,,,USA-NY,40.5755894,-73.9600061,False,False,USA-NY-047,0.009709025178530544,outside_state_but_near_claimed_state_county
nss_shelters-360000,360000,Cooling Center-Jay-Harama NSC,2600 Ocean Av,BROOKLYN,KINGS,NY,11229.0,CLOSED,state,USA-NY,,,USA-NY,40.598065,-73.9514412,True,True,USA-NY-047,0.0,runtime_missed_county_containment
nss_shelters-360002,360002,Cooling Center-Kings Bay Library,3650 Nostrand Av,BROOKLYN,KINGS,NY,11229.0,CLOSED,state,USA-NY,,,USA-NY,40.5948004,-73.9411478,True,True,USA-NY-047,0.0,runtime_missed_county_containment
nss_shelters-360042,360042,Cooling Center-LaGuardia NSC,280 Cherry St,MANHATTAN,NEW YORK,NY,10002.0,CLOSED,state,USA-NY,,,USA-NY,40.7116748,-73.9878943,True,True,USA-NY-047,0.0,runtime_missed_county_containment
nss_shelters-360050,360050,Cooling Center-Meltzer Tower,94 East 1 St,MANHATTAN,NEW YORK,NY,10009.0,CLOSED,state,USA-NY,,,USA-NY,40.7230469,-73.9869983,True,True,USA-NY-061,0.0,runtime_missed_county_containment
nss_shelters-359904,359904,Cooling Center-Mill Basin Senior Center,2075 E 68 St,BROOKLYN,KINGS,NY,11234.0,CLOSED,state,USA-NY,,,USA-NY,40.6188666,-73.9096263,True,True,USA-NY-047,0.0,runtime_missed_county_containment
nss_shelters-360063,360063,Cooling Center-Seward Park Library,192 East Broadway,MANHATTAN,NEW YORK,NY,10002.0,CLOSED,state,USA-NY,,,USA-NY,40.71445,-73.988543,True,True,USA-NY-061,0.0,runtime_missed_county_containment
nss_shelters-360006,360006,Cooling Center-Sheepshead Bay Library,2636 E 14 St,BROOKLYN,KINGS,NY,11235.0,CLOSED,state,USA-NY,,,USA-NY,40.5869957,-73.9554271,True,True,USA-NY-047,0.0,runtime_missed_county_containment
nss_shelters-360058,360058,Cooling Center-UJC Adult Luncheon Club NSC,15 Bialystoker Pl,MANHATTAN,NEW YORK,NY,10002.0,CLOSED,state,USA-NY,,,USA-NY,40.7158448,-73.9832935,True,True,USA-NY-047,0.0,runtime_missed_county_containment
nss_shelters-360053,360053,Cooling Center-UJC Lillian Wald Houses Senior Center,12 Avenue D,MANHATTAN,NEW YORK,NY,10009.0,CLOSED,state,USA-NY,,,USA-NY,40.7202372,-73.9781812,True,True,USA-NY-047,0.0,runtime_missed_county_containment
nss_shelters-360061,360061,Cooling Center-Weinberg Neighborhood NSC,197 East Broadway,MANHATTAN,NEW YORK,NY,10002.0,CLOSED,state,USA-NY,,,USA-NY,40.7139971,-73.9883248,True,True,USA-NY-061,0.0,runtime_missed_county_containment
nss_shelters-338663,338663,Curtis HS - S.I.,105 Hamilton Avenue,STATEN ISLAND,Richmond,NY,10301.0,CLOSED,state,USA-NY,,,USA-NY,40.64477171,-74.08068736,False,False,USA-NY-085,0.001121682127964359,outside_state_but_near_claimed_state_county
nss_shelters-218202,218202,Curtis High School,105 Hamilton Avenue,STATEN ISLAND,RICHMOND,NY,10301.0,CLOSED,state,USA-NY,,,USA-NY,40.64477171,-74.08068736,False,False,USA-NY-085,0.001121682127964359,outside_state_but_near_claimed_state_county
nss_shelters-218108,218108,East Elementary School,456 NEPTUNE BLVD,LONG BEACH,NASSAU,NY,11561.0,CLOSED,state,USA-NY,,,USA-NY,40.58964327,-73.64664757,False,False,USA-NY-059,0.027590665127537196,outside_state_but_near_claimed_state_county
nss_shelters-217921,217921,FORT SALONGA ELEMENTARY SCHOOL,39 SUNKEN MEADOW ROAD,KINGS PARK,SUFFOLK,NY,11754.0,CLOSED,state,USA-NY,,,USA-NY,40.90535926,-73.25538853,True,True,USA-NY-103,0.0,runtime_missed_county_containment
nss_shelters-342133,342133,First Presbyterian Church,SCHOOL ST @ NORTH LANE,GLEN COVE,NASSAU,NY,11542.0,CLOSED,state,USA-NY,,,USA-NY,40.86814532,-73.63099936,True,True,USA-NY-059,0.0,runtime_missed_county_containment
nss_shelters-341459,341459,Fishers Island Fire Department,250 Athol Crescent Ave,FISHERS ISLAND,SUFFOLK,NY,6390.0,CLOSED,state,USA-NY,,,USA-NY,41.257695,-72.023516,False,False,USA-NY-103,0.20510241172558927,outside_state_but_near_claimed_state_county
nss_shelters-338674,338674,Fishers Island School,19 GREENWOOD RD,FISHERS ISLAND,Suffolk,NY,6390.0,CLOSED,state,USA-NY,,,USA-NY,41.2553754,-72.0305389,False,False,USA-NY-103,0.20620612544191247,outside_state_but_near_claimed_state_county
nss_shelters-217927,217927,Fort Covington Adult Center,2526 Chateagay Street,FORT COVINGTON,FRANKLIN,NY,12937.0,CLOSED,state,USA-NY,,,USA-NY,44.98980113,-74.49161457,True,True,USA-NY-033,0.0,runtime_missed_county_containment
nss_shelters-217926,217926,Fort Covington Town Hall,2510 Chateaugay Street,FORT COVINGTON,FRANKLIN,NY,12937.0,CLOSED,state,USA-NY,,,USA-NY,44.98936046,-74.4931704,True,True,USA-NY-033,0.0,runtime_missed_county_containment
nss_shelters-217886,217886,Freedom Academy - K,116 Nassau Street,BROOKLYN,KINGS,NY,11201.0,CLOSED,state,USA-NY,,,USA-NY,40.69845225,-73.98651036,True,True,USA-NY-047,0.0,runtime_missed_county_containment
nss_shelters-217807,217807,Glen Cove High School,150 Dosoris Lane,GLEN COVE,NASSAU,NY,11542.0,CLOSED,state,USA-NY,,,USA-NY,40.87862242,-73.62970434,True,True,USA-NY-059,0.0,runtime_missed_county_containment
nss_shelters-345444,345444,Glen Cove High School,150 DOSORIS LANE,GREAT NECK,NASSAU,NY,11020.0,CLOSED,state,USA-NY,,,USA-NY,40.87899364,-73.62979775,True,True,USA-NY-059,0.0,runtime_missed_county_containment
nss_shelters-348189,348189,Glen Cove Senior Center,130 Glen Street,GLEN COVE,NASSAU,NY,11542.0,CLOSED,state,USA-NY,,,USA-NY,40.8631694,-73.62542058,True,True,USA-NY-059,0.0,runtime_missed_county_containment
nss_shelters-340113,340113,Grace Episcopal Church,1909 Vyse Ave.,BRONX,BRONX,NY,10464.0,CLOSED,state,USA-NY,,,USA-NY,40.84113868,-73.78421686,False,False,USA-NY-005,0.01779055727015739,outside_state_but_near_claimed_state_county
nss_shelters-363233,363233,Grand Island Golden Age Center,3278 whitehaven road,GRAND ISLAND,ERIE,NY,14072.0,CLOSED,state,USA-NY,,,USA-NY,43.018285,-79.013447,True,True,USA-NY-029,0.0,runtime_missed_county_containment
nss_shelters-217532,217532,I. S. 131 - Manhattan,100 HESTER STREET,NEW YORK,NEW YORK,NY,10002.0,CLOSED,state,USA-NY,,,USA-NY,40.71652862,-73.99301245,True,True,USA-NY-061,0.0,runtime_missed_county_containment
nss_shelters-338693,338693,I. S. 131 - Manhattan,100 Hester Street,NEW YORK,New York,NY,10002.0,CLOSED,state,USA-NY,,,USA-NY,40.71652862,-73.99301245,True,True,USA-NY-061,0.0,runtime_missed_county_containment
nss_shelters-217453,217453,J. H. S. 25 - Manhattan,145 Stanton Street,NEW YORK,NEW YORK,NY,10002.0,CLOSED,state,USA-NY,,,USA-NY,40.72057557,-73.98559305,True,True,USA-NY-061,0.0,runtime_missed_county_containment
nss_shelters-217452,217452,J. H. S. 56 - Manhattan,220 Henry Street,NEW YORK,NEW YORK,NY,10002.0,CLOSED,state,USA-NY,,,USA-NY,40.71367777,-73.98637546,True,True,USA-NY-047,0.0,runtime_missed_county_containment
nss_shelters-217443,217443,J.H.S. 194- Queens,154-60 17 Avenue,WHITESTONE,QUEENS,NY,11357.0,CLOSED,state,USA-NY,,,USA-NY,40.78366366,-73.80825256,True,True,USA-NY-081,0.0,runtime_missed_county_containment
nss_shelters-217438,217438,J.h.s.185- Queens Q185,147-26 25 Drive,FLUSHING,QUEENS,NY,11354.0,CLOSED,state,USA-NY,,,USA-NY,40.77458187,-73.81916494,True,True,USA-NY-081,0.0,runtime_missed_county_containment
nss_shelters-363808,363808,JHS 278 Marine Park,1925 Stuart Street,BROOKLYN,KINGS,NY,11229.0,CLOSED,state,USA-NY,,,USA-NY,40.60663,-73.93887,True,True,USA-NY-047,0.0,runtime_missed_county_containment
nss_shelters-217267,217267,LIDO SCHOOL COMPLEX,239 LIDO BLVD,LONG BEACH,NASSAU,NY,11561.0,CLOSED,state,USA-NY,,,USA-NY,40.58830328,-73.62711429,False,False,USA-NY-059,0.024780036439853572,outside_state_but_near_claimed_state_county
nss_shelters-217231,217231,LONG BEACH HIGH SCHOOL,322 LAGOON DRIVE WEST,LONG BEACH,NASSAU,NY,11561.0,CLOSED,state,USA-NY,,,USA-NY,40.59448163,-73.63291492,False,False,USA-NY-059,0.018662887904990422,outside_state_but_near_claimed_state_county
nss_shelters-217230,217230,LONG BEACH MIDDLE SCHOOL,239 Lido Blvd,LONG BEACH,NASSAU,NY,11561.0,CLOSED,state,USA-NY,,,USA-NY,40.58830328,-73.62711429,False,False,USA-NY-059,0.024780036439853572,outside_state_but_near_claimed_state_county
nss_shelters-217255,217255,Lincoln Orens Middle School,150 TRAFALGAR BLVD,ISLAND PARK,NASSAU,NY,11558.0,CLOSED,state,USA-NY,,,USA-NY,40.60727898,-73.64561335,False,False,USA-NY-059,0.010683198883349843,outside_state_but_near_claimed_state_county
nss_shelters-217252,217252,Lindell Elementary School,601 LINDELL BLVD,LONG BEACH,NASSAU,NY,11561.0,CLOSED,state,USA-NY,,,USA-NY,40.59154084,-73.68146032,False,False,USA-NY-059,0.007209553850994958,outside_state_but_near_claimed_state_county
nss_shelters-217177,217177,Maple Avenue School,952 Maple Ave.,NIAGARA FALLS,NIAGARA,NY,14305.0,CLOSED,state,USA-NY,,,USA-NY,43.12463422,-79.05239135,False,False,USA-NY-063,0.017110230629373495,outside_state_but_near_claimed_state_county
nss_shelters-217079,217079,Milton Elementary School,12 HEWLET STREET,RYE,WESTCHESTER,NY,10580.0,CLOSED,state,USA-NY,,,USA-NY,40.95818544,-73.68844806,True,True,USA-NY-119,0.0,runtime_missed_county_containment
nss_shelters-217047,217047,Morristown Central School,408 GOUVERNEUR ST,MORRISTOWN,SAINT LAWRENCE,NY,13664.0,CLOSED,state,USA-NY,,,USA-NY,44.58638063,-75.64685654,True,True,USA-NY-089,0.0,runtime_missed_county_containment
nss_shelters-348484,348484,Mt Manresa Jesuit Retreat Center,239 Fingerboard Road,STATEN ISLAND,RICHMOND,NY,10305.0,CLOSED,state,USA-NY,,,USA-NY,40.60509016,-74.06875987,True,True,USA-NY-085,0.0,runtime_missed_county_containment
nss_shelters-341287,341287,Murry Bergtraum High School,411 Pearl Street,NEW YORK,NEW YORK,NY,10038.0,CLOSED,state,USA-NY,,,USA-NY,40.71067944,-74.00080643,True,True,USA-NY-061,0.0,runtime_missed_county_containment
nss_shelters-216940,216940,NORTH SHORE MIDDLE SCHOOL,505 GLEN COVE AVE,GLEN HEAD,NASSAU,NY,11545.0,CLOSED,state,USA-NY,,,USA-NY,40.84419637,-73.63552295,True,True,USA-NY-059,0.0,runtime_missed_county_containment
nss_shelters-216996,216996,New Suffolk Common School,1295 4TH STREET,NEW SUFFOLK,SUFFOLK,NY,11956.0,CLOSED,state,USA-NY,,,USA-NY,40.99254702,-72.47462622,True,True,USA-NY-103,0.0,runtime_missed_county_containment
nss_shelters-216824,216824,P. S. 134 - Manhattan,293 East Broadway,NEW YORK,NEW YORK,NY,10002.0,CLOSED,state,USA-NY,,,USA-NY,40.71433427,-73.98678915,True,True,USA-NY-061,0.0,runtime_missed_county_containment
nss_shelters-216796,216796,P. S. 20 - Manhattan,166 Essex Street,NEW YORK,NEW YORK,NY,10002.0,CLOSED,state,USA-NY,,,USA-NY,40.72122308,-73.98680713,True,True,USA-NY-061,0.0,runtime_missed_county_containment
nss_shelters-216687,216687,P. S. 226,6006 23rd Avenue,Brooklyn,KINGS,NY,11204.0,CLOSED,state,USA-NY,,,USA-NY,40.61528294,-73.97627607,True,True,USA-NY-047,0.0,runtime_missed_county_containment
nss_shelters-216770,216770,P. S. 307 - Brooklyn,209 York Street,BROOKLYN,KINGS,NY,11201.0,CLOSED,state,USA-NY,,,USA-NY,40.70133907,-73.98231052,True,True,USA-NY-047,0.0,runtime_missed_county_containment
nss_shelters-216758,216758,P. S. 42 - Manhattan,71 Hester Street,NEW YORK,NEW YORK,NY,10002.0,CLOSED,state,USA-NY,,,USA-NY,40.71588111,-73.99087207,True,True,USA-NY-061,0.0,runtime_missed_county_containment
nss_shelters-216748,216748,P. S. 63 - Manhattan,121 East 3 Street,NEW YORK,NEW YORK,NY,10009.0,CLOSED,state,USA-NY,,,USA-NY,40.72419984,-73.9865823,True,True,USA-NY-061,0.0,runtime_missed_county_containment
nss_shelters-337891,337891,P.S. 122 - QUEENS,21-21 DITMARS BLVD,LONG ISLAND CITY,QUEENS,NY,11105.0,CLOSED,state,USA-NY,,,USA-NY,40.78015482,-73.91635261,True,True,USA-NY-081,0.0,runtime_missed_county_containment
nss_shelters-216647,216647,P.S. 177 - Brooklyn,346 Avenue P,BROOKLYN,KINGS,NY,11204.0,CLOSED,state,USA-NY,,,USA-NY,40.608583,-73.97495407,True,True,USA-NY-047,0.0,runtime_missed_county_containment
nss_shelters-333127,333127,P.S. 184,163-15 21st Road,WHITESTONE,Queens,NY,11357.0,CLOSED,state,USA-NY,,,USA-NY,40.77875793,-73.79985863,True,True,USA-NY-081,0.0,runtime_missed_county_containment
nss_shelters-216699,216699,P.S. 184 - Queens,163-15 21 Road,WHITESTONE,QUEENS,NY,11357.0,CLOSED,state,USA-NY,,,USA-NY,40.77875793,-73.79985863,True,True,USA-NY-081,0.0,runtime_missed_county_containment
nss_shelters-216697,216697,P.S. 193- Queens,152-20 11 Avenue,WHITESTONE,QUEENS,NY,11357.0,CLOSED,state,USA-NY,,,USA-NY,40.79247458,-73.80992405,True,True,USA-NY-081,0.0,runtime_missed_county_containment
nss_shelters-216693,216693,P.S. 205 - Brooklyn,6701 20 Avenue,BROOKLYN,KINGS,NY,11204.0,CLOSED,state,USA-NY,,,USA-NY,40.6153369,-73.98708592,True,True,USA-NY-047,0.0,runtime_missed_county_containment
nss_shelters-216691,216691,P.S. 209 - Queens,16-10 Utopia Pkwy,WHITESTONE,QUEENS,NY,11357.0,CLOSED,state,USA-NY,,,USA-NY,40.7863028,-73.81131699,True,True,USA-NY-081,0.0,runtime_missed_county_containment
nss_shelters-216690,216690,P.S. 21 - Queens,147-36 26 Avenue,FLUSHING,QUEENS,NY,11354.0,CLOSED,state,USA-NY,,,USA-NY,40.7745031,-73.81868051,True,True,USA-NY-081,0.0,runtime_missed_county_containment
nss_shelters-216660,216660,P.S. 79 - Queens,147-27 15 Drive,WHITESTONE,QUEENS,NY,11357.0,CLOSED,state,USA-NY,,,USA-NY,40.78594104,-73.81782433,True,True,USA-NY-081,0.0,runtime_missed_county_containment
nss_shelters-216659,216659,P.S. 8 - Brooklyn,37 Hicks Street,BROOKLYN,KINGS,NY,11201.0,CLOSED,state,USA-NY,,,USA-NY,40.70069156,-73.99327326,True,True,USA-NY-047,0.0,runtime_missed_county_containment
nss_shelters-216719,216719,P.s. 124 (ecf) - Manhattan,40 Division Street,NEW YORK,NEW YORK,NY,10002.0,CLOSED,state,USA-NY,,,USA-NY,40.7141634,-73.99563847,True,True,USA-NY-061,0.0,runtime_missed_county_containment
nss_shelters-216645,216645,P.s.186 - Brooklyn,7601 19 Avenue,BROOKLYN,KINGS,NY,11214.0,CLOSED,state,USA-NY,,,USA-NY,40.61154176,-73.99459526,True,True,USA-NY-047,0.0,runtime_missed_county_containment
nss_shelters-216644,216644,P.s.199 - Brooklyn,1100 Elm Avenue,BROOKLYN,KINGS,NY,11230.0,CLOSED,state,USA-NY,,,USA-NY,40.61653186,-73.96355857,True,True,USA-NY-047,0.0,runtime_missed_county_containment
nss_shelters-337825,337825,Ralph McKee Vocational High School - S.I.,290 St. Marks Place,STATEN ISLAND,RICHMOND,NY,10301.0,CLOSED,state,USA-NY,,,USA-NY,40.64262233,-74.07858294,False,False,USA-NY-085,0.001624786865518092,outside_state_but_near_claimed_state_county
nss_shelters-216403,216403,Robert M Finley Middle School,1 FOREST AVENUE,GLEN COVE,NASSAU,NY,11542.0,CLOSED,state,USA-NY,,,USA-NY,40.86977309,-73.6296324,True,True,USA-NY-059,0.0,runtime_missed_county_containment
nss_shelters-216154,216154,SHELTER ISLAND UNION FREE SCHOOL DISTRICT,33 N Ferry Rd,SHELTER ISLAND,SUFFOLK,NY,11964.0,CLOSED,state,USA-NY,,,USA-NY,41.07230941,-72.3393481,False,False,USA-NY-103,0.0312288952792227,outside_state_but_near_claimed_state_county
nss_shelters-216309,216309,Saint Marys of the Fort Parish Center,3 Burns - Holden Road,FORT COVINGTON,FRANKLIN,NY,12937.0,CLOSED,state,USA-NY,,,USA-NY,44.99021482,-74.49001378,True,True,USA-NY-033,0.0,runtime_missed_county_containment
nss_shelters-216166,216166,Seward Park High School - Manhattan,350 GRAND STREET,NEW YORK,NEW YORK,NY,10002.0,CLOSED,state,USA-NY,,,USA-NY,40.71676244,-73.98928027,True,True,USA-NY-061,0.0,runtime_missed_county_containment
nss_shelters-338775,338775,Seward Park High School - Manhattan,350 Grand Street,NEW YORK,New York,NY,10002.0,CLOSED,state,USA-NY,,,USA-NY,40.71676244,-73.98928027,True,True,USA-NY-061,0.0,runtime_missed_county_containment
nss_shelters-216070,216070,Spring Union Free School District,48 SCHOOL ST,EAST HAMPTON,SUFFOLK,NY,11937.0,CLOSED,state,USA-NY,,,USA-NY,41.0170011,-72.15683969,True,True,USA-NY-103,0.0,runtime_missed_county_containment
nss_shelters-342751,342751,St. Paul's Evangelical Lutheran Church of Coney Island,2801 West 8th Street,BROOKLYN,KINGS,NY,11224.0,CLOSED,state,USA-NY,,,USA-NY,40.5795103,-73.9760972,True,False,USA-NY-047,0.012975280185921706,inside_state_far_from_any_county
nss_shelters-215695,215695,West Elementary School,91 MARYLAND AVENUE,LONG BEACH,NASSAU,NY,11561.0,CLOSED,state,USA-NY,,,USA-NY,40.58757483,-73.6959484,False,False,USA-NY-059,0.006329487802581562,outside_state_but_near_claimed_state_county
nss_shelters-358736,358736,1st Baptist Church,29755 Turner Street,Gold Beach,CURRY,OR,97444.0,CLOSED,state,USA-OR,,,USA-OR,42.415429,-124.4170003,True,True,USA-OR-015,0.0,runtime_missed_county_containment
nss_shelters-77524,77524,ASTORIA HIGH SCHOOL,1001 W MARINE DR,ASTORIA,CLATSOP,OR,97103.0,CLOSED,state,USA-OR,,,USA-OR,46.17615977,-123.85072429,False,False,USA-OR-007,0.020105875877572166,outside_state_but_near_claimed_state_county
nss_shelters-77514,77514,Azalea Middle School,505 Pacific Street,BROOKINGS,CURRY,OR,97415.0,CLOSED,state,USA-OR,,,USA-OR,42.05446799,-124.28326221,True,False,USA-OR-015,0.0013273151550653465,inside_state_near_county_edge
nss_shelters-77513,77513,B & R MOBIL VILLAGE,97972 HALL WAY,BROOKINGS,CURRY,OR,97415.0,CLOSED,state,USA-OR,,,USA-OR,42.0511405,-124.25743368,True,True,USA-OR-015,0.0,runtime_missed_county_containment
nss_shelters-340943,340943,Brookings Christian Fellowship,18881 Cornett Road,BROOKINGS,CURRY,OR,97415.0,CLOSED,state,USA-OR,,,USA-OR,42.1144915,-124.3372099,True,True,USA-OR-015,0.0,runtime_missed_county_containment
nss_shelters-77467,77467,Brookings Harbor High School,625 Pioneer rd.,BROOKINGS,CURRY,OR,97415.0,CLOSED,state,USA-OR,,,USA-OR,42.05721991,-124.27954801,True,True,USA-OR-015,0.0,runtime_missed_county_containment
nss_shelters-356257,356257,Chetco Activity Center,550 Chetco Ln.,BROOKINGS,CURRY,OR,97415.0,CLOSED,state,USA-OR,,,USA-OR,42.056047,-124.2907837,True,False,USA-OR-015,0.004815800400227043,inside_state_near_county_edge
nss_shelters-360447,360447,Church of The Nazarene,1600 Chetco Ave,BROOKINGS,CURRY,OR,97415.0,CLOSED,state,USA-OR,,,USA-OR,42.063326,-124.3012981,True,False,USA-OR-015,0.005742671872487001,inside_state_near_county_edge
nss_shelters-77248,77248,EMMANUEL BAPTIST CHURCH,15786 HWY 101 SOUTH,HARBOR,CURRY,OR,97415.0,CLOSED,state,USA-OR,,,USA-OR,42.03756073,-124.24412372,True,True,USA-OR-015,0.0,runtime_missed_county_containment
nss_shelters-360233,360233,Event Center on the Beach Curry Showcase,29392 Ellensburg Ave.,GOLD BEACH,CURRY,OR,97444.0,CLOSED,state,USA-OR,,,USA-OR,42.4052825,-124.4212798,True,True,USA-OR-015,0.0,runtime_missed_county_containment
nss_shelters-349064,349064,Event Center on the Beach Docia Sweet Hall,29392 Ellensburg Ave.,GOLD BEACH,CURRY,OR,97444.0,CLOSED,state,USA-OR,,,USA-OR,42.40532364,-124.42132622,True,True,USA-OR-015,0.0,runtime_missed_county_containment
nss_shelters-77123,77123,GOLD BEACH HIGH SCHOOL OLD GYM,29516 ELLENSBERG AVE,GOLD BEACH,CURRY,OR,97444.0,CLOSED,state,USA-OR,,,USA-OR,42.40474493,-124.42129915,True,True,USA-OR-015,0.0,runtime_missed_county_containment
nss_shelters-77106,77106,GRAY ELEMENTARY,785 ALAMEDA AVE,ASTORIA,CLATSOP,OR,97103.0,CLOSED,state,USA-OR,,,USA-OR,46.18136685,-123.85306252,True,False,USA-OR-007,0.02579646758055163,inside_state_far_from_any_county
nss_shelters-76684,76684,Gateway Community Church,796 PACIFIC DR,HAMMOND,CLATSOP,OR,97121.0,CLOSED,state,USA-OR,,,USA-OR,46.19896658,-123.94618732,False,False,USA-OR-007,0.0025281481859008447,outside_state_but_near_claimed_state_county
nss_shelters-340208,340208,Gold Beach High School,29516 Ellensburg AVE,GOLD BEACH,CURRY,OR,97444.0,CLOSED,state,USA-OR,,,USA-OR,42.40474492,-124.42129915,True,True,USA-OR-015,0.0,runtime_missed_county_containment
nss_shelters-363344,363344,Gold Beach High School,29516 Ellensburg Ave.,GOLD BEACH,CURRY,OR,97444.0,CLOSED,state,USA-OR,,,USA-OR,42.4097218,-124.4219721,True,True,USA-OR-015,0.0,runtime_missed_county_containment
nss_shelters-76965,76965,KURY RADIO,650 RAILROAD AVE,BROOKINGS,CURRY,OR,97415.0,CLOSED,state,USA-OR,,,USA-OR,42.05040305,-124.28310933,True,False,USA-OR-015,0.0043971167371460815,inside_state_near_county_edge
nss_shelters-76984,76984,Kalmiopsis Elementary School,650 EASY ST,BROOKINGS,CURRY,OR,97415.0,CLOSED,state,USA-OR,,,USA-OR,42.05865883,-124.28097793,True,True,USA-OR-015,0.0,runtime_missed_county_containment
nss_shelters-335705,335705,LCSD-Crestview Heights Elementary School,2750 S Crestline Drive,WALDPORT,LINCOLN,OR,97394.0,CLOSED,state,USA-OR,,,USA-OR,44.38944972,-124.06773069,True,True,USA-OR-041,0.0,runtime_missed_county_containment
nss_shelters-335703,335703,LCSD-Newport Intermediate School,825 NE 7th St.,NEWPORT,LINCOLN,OR,97365.0,CLOSED,state,USA-OR,,,USA-OR,44.64094512,-124.04160539,True,True,USA-OR-041,0.0,runtime_missed_county_containment
nss_shelters-76866,76866,Masonic Lodge,416 Azalia Park Blvd,BROOKINGS,Curry,OR,97415.0,CLOSED,state,USA-OR,,,USA-OR,42.05765815,-124.27701426,True,True,USA-OR-015,0.0,runtime_missed_county_containment
nss_shelters-76783,76783,Neah-kah-nie High,24705 HWY 101 N,ROCKAWAY BEACH,TILLAMOOK,OR,97136.0,CLOSED,state,USA-OR,,,USA-OR,45.68547169,-123.92348843,True,True,USA-OR-057,0.0,runtime_missed_county_containment
nss_shelters-76775,76775,Netarts Friends Church,4685 Alder Cove Rd W.,TILLAMOOK,TILLAMOOK,OR,97141.0,CLOSED,state,USA-OR,,,USA-OR,45.43168301,-123.94267097,True,True,USA-OR-057,0.0,runtime_missed_county_containment
nss_shelters-77192,77192,Newport (First) Christian Church,809 SE 2nd St.,NEWPORT,LINCOLN,OR,97365.0,CLOSED,state,USA-OR,,,USA-OR,44.63535134,-124.04320618,True,True,USA-OR-041,0.0,runtime_missed_county_containment
nss_shelters-349370,349370,Newport Church of the Nararene,227 NW 12th St.,NEWPORT,LINCOLN,OR,97365.0,CLOSED,state,USA-OR,,,USA-OR,44.6455616,-124.0546615,True,True,USA-OR-041,0.0,runtime_missed_county_containment
nss_shelters-364700,364700,Newport Recreation Center,225 SE Avery St.,NEWPORT,LINCOLN,OR,97365.0,CLOSED,state,USA-OR,,,USA-OR,44.6346309,-124.0515742,True,True,USA-OR-041,0.0,runtime_missed_county_containment
nss_shelters-364732,364732,Ntl Guard Readiness Center (Temporary Evacuation Point),402 E Scenic Dr,THE DALLES,WASCO,OR,97058.0,CLOSED,state,USA-OR,,,USA-OR,0.0,0.0,False,False,,,zero_zero_bad_source_point
nss_shelters-76730,76730,Oceanside Chapel,1575 CHINOOK,OCEANSIDE,TILLAMOOK,OR,97134.0,CLOSED,state,USA-OR,,,USA-OR,45.46100338,-123.96756703,True,False,USA-OR-057,0.014342458012341384,inside_state_far_from_any_county
nss_shelters-76646,76646,PRESBYTERIAN  CHURCH,540 PACIFIC,BROOKINGS,CURRY,OR,97415.0,CLOSED,state,USA-OR,,,USA-OR,42.0549806,-124.28166142,True,True,USA-OR-015,0.0,runtime_missed_county_containment
nss_shelters-76604,76604,Riley Creek School,94350 6TH ST,GOLD BEACH,CURRY,OR,97444.0,CLOSED,state,USA-OR,,,USA-OR,42.40994301,-124.41508483,True,True,USA-OR-015,0.0,runtime_missed_county_containment
nss_shelters-76595,76595,Rockaway Beach Fire Dept.,270 S. Anchor,ROCKAWAY BEACH,TILLAMOOK,OR,97136.0,CLOSED,state,USA-OR,,,USA-OR,45.61030635,-123.94349835,True,False,USA-OR-057,0.0008361811677356994,inside_state_near_county_edge
nss_shelters-76594,76594,Rockaway Community Church,400 S 3RD AVE,ROCKAWAY BEACH,TILLAMOOK,OR,97136.0,CLOSED,state,USA-OR,,,USA-OR,45.60978475,-123.94123206,True,True,USA-OR-057,0.0,runtime_missed_county_containment
nss_shelters-76536,76536,SENIOR CENTER,55 CHETCO LANE,BROOKINGS,CURRY,OR,97415.0,CLOSED,state,USA-OR,,,USA-OR,42.05530299,-124.29124952,True,False,USA-OR-015,0.005687428407982265,inside_state_near_county_edge
nss_shelters-76530,76530,SEVENTH DAY ADVENTIST CHURCH,300 NEHALEM AVE,ASTORIA,CLATSOP,OR,97103.0,CLOSED,state,USA-OR,,,USA-OR,46.17494569,-123.83975256,False,False,USA-OR-007,0.015262711860809844,outside_state_but_near_claimed_state_county
nss_shelters-76400,76400,SYDNEY CROFT MASONIC LODGE,416 AZALEA PARK RD,BROOKINGS,CURRY,OR,97415.0,CLOSED,state,USA-OR,,,USA-OR,42.05765815,-124.27701426,True,True,USA-OR-015,0.0,runtime_missed_county_containment
nss_shelters-76399,76399,SYDNEY CROFT MASONIC LODGE # 20,416 AZALEA  PARK,BROOKINGS,CURRY,OR,97415.0,CLOSED,state,USA-OR,,,USA-OR,42.05765815,-124.27701426,True,True,USA-OR-015,0.0,runtime_missed_county_containment
nss_shelters-76354,76354,TRINITY LUTHERAN,1200 EASY,BROOKINGS,CURRY,OR,97415.0,CLOSED,state,USA-OR,,,USA-OR,42.05862286,-124.29582574,True,False,USA-OR-015,0.005972611192636271,inside_state_near_county_edge
nss_shelters-360910,360910,CDT (Centro de Salud),Guanica,Guanica,GuÃ¿nica,PR,653.0,CLOSED,state,USA-PR,,,USA-PR,17.97142029,-66.90685272,True,True,USA-PR-061,0.0,runtime_missed_county_containment
nss_shelters-360911,360911,Centro Comunal Magueyes,Guanica,Guanica,GuÃ¿nica,PR,653.0,CLOSED,state,USA-PR,,,USA-PR,17.97142029,-66.90685272,True,True,USA-PR-061,0.0,runtime_missed_county_containment
nss_shelters-362433,362433,Centro Comunal de la Juventud,Ave.Hernandez Ortiz,Isabela,Isabela,PR,662.0,CLOSED,state,USA-PR,,,USA-PR,18.5012207,-67.02111816,False,False,USA-PR-071,0.002028011846555671,outside_state_but_near_claimed_state_county
nss_shelters-327662,327662,Centro De Envejecientes Marcelina Diaz Pellot,"57 Calle Pablo Velazquez, Bda. Clark",CULEBRA,CULEBRA,PR,775.0,CLOSED,state,USA-PR,,,USA-PR,18.31618804,-65.2875122,True,True,USA-PR-049,0.0,runtime_missed_county_containment
nss_shelters-342442,342442,Centro De Uso Multiples - Club De La Juventud (dal,Calle William Font,CULEBRA,CULEBRA,PR,775.0,CLOSED,state,USA-PR,,,USA-PR,18.31807612,-65.2880482,True,True,USA-PR-049,0.0,runtime_missed_county_containment
nss_shelters-331338,331338,Centro de Adiestramiento / Bellas Artes (C.A. B. A-Ramey),Calle Noreste Edif. 608 Base Ramey,Aguadilla,Aguadilla,PR,605.0,CLOSED,state,USA-PR,,,USA-PR,18.4971,-67.13452,True,False,USA-PR-005,0.004348712676070724,inside_state_near_county_edge
nss_shelters-357374,357374,Centro de Uso Multiples (Bo. Obrero),Ave. Borinquen,San Juan,San Juan,PR,936.0,CLOSED,state,USA-PR,,,USA-PR,18.466224,-66.1057244,False,False,USA-PR-127,0.000935638600438424,outside_state_but_near_claimed_state_county
nss_shelters-344323,344323,Commty. Center Maguelles,Near the Convent of the Fatima Nuns,GUANICA,GUANICA,PR,653.0,CLOSED,state,USA-PR,,,USA-PR,17.96908364,-66.90724666,True,True,USA-PR-061,0.0,runtime_missed_county_containment
nss_shelters-66735,66735,ESC. ABELARDO DIAZ ALFARO (MORCELO),"Carr 842, Km 6.3, Bo Caimito Bajo, Sector Morcelo",SAN JUAN,SAN JUAN,PR,924.0,CLOSED,state,USA-PR,,,USA-PR,18.46646524,-66.11828796,False,True,USA-PR-127,0.0,runtime_missed_county_containment
nss_shelters-66749,66749,ESC. ANA ROQUE DE DUPREY,"Carr 21 Km 3.4, Bo Monacillos",SAN JUAN,SAN JUAN,PR,928.0,CLOSED,state,USA-PR,,,USA-PR,18.46646524,-66.11828796,False,True,USA-PR-127,0.0,runtime_missed_county_containment
nss_shelters-66687,66687,ESC. BOLIVAR PAGAN,"Calle 46 Ext. Manuel A. Perez, Hato Rey",SAN JUAN,SAN JUAN,PR,923.0,CLOSED,state,USA-PR,,,USA-PR,18.46646524,-66.11828796,False,True,USA-PR-127,0.0,runtime_missed_county_containment
nss_shelters-344204,344204,ESC. MEDIANIA ALTA ELEMENTAL,CARR 187 KM 5 HM 6 BO MEDIANIA ALTA,LOIZA,LOIZA,PR,772.0,CLOSED,state,USA-PR,,,USA-PR,18.43060322,-65.84403882,False,False,USA-PR-087,0.003706259375925798,outside_state_but_near_claimed_state_county
nss_shelters-66692,66692,ESC. RAFAEL QUINONES VIDAL,Carr. 842 Km 1 Hm 9 Sector Los Romeros Bo. Caimito,SAN JUAN,SAN JUAN,PR,924.0,CLOSED,state,USA-PR,,,USA-PR,18.46646524,-66.11828796,False,True,USA-PR-127,0.0,runtime_missed_county_containment
nss_shelters-344165,344165,ESC. WOODROW WILSON,"Carr 705, Calle Princpal, Bo Aguirre, Sector Central Aguirre",SALINAS,SALINAS,PR,751.0,CLOSED,state,USA-PR,,,USA-PR,17.94340055,-66.26305953,False,False,USA-PR-123,0.0005797546571234583,outside_state_but_near_claimed_state_county
nss_shelters-327658,327658,Esc Maria L McDougall,"25 Calle 65 Infanteria, Esq. Dr. Veve, Frente Plaza de Recre",GUANICA,GUANICA,PR,653.0,CLOSED,state,USA-PR,,,USA-PR,17.97269796,-66.90751843,True,True,USA-PR-061,0.0,runtime_missed_county_containment
nss_shelters-331273,331273,Esc. Agustin Balserio,Carr. 681 Km. 15,Barceloneta,Barceloneta,PR,617.0,CLOSED,state,USA-PR,,,USA-PR,18.48373,-66.56986,False,False,USA-PR-017,0.0023209258586967905,outside_state_but_near_claimed_state_county
nss_shelters-66746,66746,Esc. Amalia Marin,Calle Penasco Rio Piedras Heights,San Juan,SAN JUAN,PR,925.0,CLOSED,state,USA-PR,,,USA-PR,18.46646524,-66.11828796,False,True,USA-PR-127,0.0,runtime_missed_county_containment
nss_shelters-327641,327641,Esc. Antonio R Barcelo (ecologica Elemental),109 Calle Salisburry,CULEBRA,CULEBRA,PR,775.0,CLOSED,state,USA-PR,,,USA-PR,18.31618804,-65.2875122,True,True,USA-PR-049,0.0,runtime_missed_county_containment
nss_shelters-360494,360494,Esc. Aurea E. Quiles Claudio,Carr. 333 Km. 5,Guanica,Guanica,PR,653.0,CLOSED,state,USA-PR,,,USA-PR,17.9508518,-66.9031911,True,True,USA-PR-061,0.0,runtime_missed_county_containment
nss_shelters-331339,331339,Esc. Benito Cerezo Vazquez,Carr. 107 Int. Carr. 458 Km. 1,Aguadilla,Aguadilla,PR,605.0,CLOSED,state,USA-PR,,,USA-PR,18.45883,-67.15483,True,True,USA-PR-005,0.0,runtime_missed_county_containment
nss_shelters-331126,331126,Esc. Fernando L. Malave Oliveras,633 Calle Ramos Antonini,Ponce,Ponce,PR,716.0,CLOSED,state,USA-PR,,,USA-PR,17.98383,-66.66332,True,True,USA-PR-113,0.0,runtime_missed_county_containment
nss_shelters-331285,331285,Esc. Francisco Mendoza,"Calle Corchado, al lado de OMME",Isabela,Isabela,PR,662.0,CLOSED,state,USA-PR,,,USA-PR,18.50132,-67.01991,False,False,USA-PR-071,0.002349165562774182,outside_state_but_near_claimed_state_county
nss_shelters-331378,331378,Esc. German Riekehoff,Carr. 993 Km. 0.5,Vieques,Vieques,PR,765.0,CLOSED,state,USA-PR,,,USA-PR,18.15242,-65.43816,True,False,USA-PR-147,0.0006164491260578669,inside_state_near_county_edge
nss_shelters-331290,331290,Esc. Gloria Gonzalez de Perez,Carr. 457 Km. 3.2,Isabela,Isabela,PR,662.0,CLOSED,state,USA-PR,,,USA-PR,18.5011,-67.01988,False,False,USA-PR-071,0.0021385165816726107,outside_state_but_near_claimed_state_county
nss_shelters-331437,331437,Esc. Jose Julian Acosta,Ave. Juan Ponce De Leon,San Juan,San Juan,PR,901.0,CLOSED,state,USA-PR,,,USA-PR,18.46571,-66.11142,False,True,USA-PR-127,0.0,runtime_missed_county_containment
nss_shelters-331303,331303,Esc. Jose Rodriguez Soto,Carr. 40 Ramal 116,Guanica,GuÃnica,PR,653.0,CLOSED,state,USA-PR,,,USA-PR,17.96778,-66.93671,True,True,USA-PR-061,0.0,runtime_missed_county_containment
nss_shelters-360837,360837,Esc. Jose Rodriguez Soto,Guanica,Guanica,GuÃ¿Â¿nica,PR,653.0,CLOSED,state,USA-PR,,,USA-PR,17.97142029,-66.90685272,True,True,USA-PR-061,0.0,runtime_missed_county_containment
nss_shelters-331258,331258,Esc. Josefina Ferrero de Araujo,"Ave. A, Esq. B, Urb. Monte Brisas",Fajardo,Fajardo,PR,738.0,CLOSED,state,USA-PR,,,USA-PR,18.34179,-65.56629,False,False,USA-PR-053,0.07642051704865084,outside_state_but_near_claimed_state_county
nss_shelters-362453,362453,Esc. Juanita Rivera Albert,Calle 10 Hucar Sector La Esperanza,Vieques,Vieques,PR,,CLOSED,state,USA-PR,,,USA-PR,18.14858055,-65.44210053,True,True,USA-PR-147,0.0,runtime_missed_county_containment
nss_shelters-331255,331255,Esc. Luis Munoz Rivera,Ave. Pedro Albizu Campos Bo. Mameyal,Dorado,Dorado,PR,646.0,CLOSED,state,USA-PR,,,USA-PR,18.47459,-66.26647,True,False,USA-PR-051,0.005999558238126327,inside_state_near_county_edge
nss_shelters-331304,331304,Esc. Maria L. Mc Dougall,24 Calle 65 Infanteria,Guanica,GuÃnica,PR,653.0,CLOSED,state,USA-PR,,,USA-PR,17.9731,-66.9081,True,True,USA-PR-061,0.0,runtime_missed_county_containment
nss_shelters-360839,360839,Esc. Maria M. Simmons De Rivera,Vieques,Vieques,Vieques,PR,765.0,CLOSED,state,USA-PR,,,USA-PR,18.14858055,-65.44210053,True,True,USA-PR-147,0.0,runtime_missed_county_containment
nss_shelters-331408,331408,Esc. Pedro Albizu Campos,Carr. 2 Km. 22.1 (Marginal El Tuque),Ponce,Ponce,PR,716.0,CLOSED,state,USA-PR,,,USA-PR,17.98205,-66.66196,True,True,USA-PR-113,0.0,runtime_missed_county_containment
nss_shelters-331029,331029,Esc. Rosa M. Rodriguez,Carr. 686 Km. 13.5 Bda. Sandin,Vega Baja,Vega Baja,PR,693.0,CLOSED,state,USA-PR,,,USA-PR,18.4802,-66.41195,True,True,USA-PR-145,0.0,runtime_missed_county_containment
nss_shelters-331267,331267,Esc. S.U. Dr. Cayetano Coll y Toste,Carr. 638 Km. 5.4,Arecibo,Arecibo,PR,612.0,CLOSED,state,USA-PR,,,USA-PR,18.508056,-66.851667,False,False,USA-PR-027,0.02401887963604842,outside_state_but_near_claimed_state_county
nss_shelters-360455,360455,Esc. Sup. Juan Suarez Pelegrina,Carr. 459 Bo. Montana,Aguadilla,,PR,603.0,CLOSED,state,USA-PR,,,USA-PR,18.4729487,-67.1364147,True,True,USA-PR-005,0.0,runtime_missed_county_containment
nss_shelters-331128,331128,Esc. Superior Maria M. Mayoral Wirshing (detras de la Esc. Elemental),Carr. 591 Interior Bo. Canas,Ponce,Ponce,PR,716.0,CLOSED,state,USA-PR,,,USA-PR,17.9839,-66.6633,True,True,USA-PR-113,0.0,runtime_missed_county_containment
nss_shelters-361036,361036,Esc. Teresita Nazario,Guanica,Guanica,Guanica,PR,653.0,CLOSED,state,USA-PR,,,USA-PR,17.97142029,-66.90685272,True,True,USA-PR-061,0.0,runtime_missed_county_containment
nss_shelters-331305,331305,Esc. Teresita Nazario Suirano,36 Carr. 3116,Guanica,GuÃnica,PR,653.0,CLOSED,state,USA-PR,,,USA-PR,17.96771,-66.93654,True,True,USA-PR-061,0.0,runtime_missed_county_containment
nss_shelters-343548,343548,GIMNASIO MUNICIPAL,"Calle 250 al lado Parque Anatlio Romero, Calle Escudero",CULEBRA,CULEBRA,PR,775.0,CLOSED,state,USA-PR,,,USA-PR,18.31807612,-65.2880482,True,True,USA-PR-049,0.0,runtime_missed_county_containment
nss_shelters-66722,66722,Oratorio Colegio San Juan Bosco,Calle Constitucion  Esquina Santa Elena  Cantera  Santurce,San Juan,SAN JUAN,PR,915.0,CLOSED,state,USA-PR,,,USA-PR,18.46646524,-66.11828796,False,True,USA-PR-127,0.0,runtime_missed_county_containment
nss_shelters-344309,344309,Res.rincon Taino Commty. Ctr.,Carr.153 H.6-close to Hospital,SANTA ISABEL,SANTA ISABEL,PR,757.0,CLOSED,state,USA-PR,,,USA-PR,17.95287002,-66.40138605,True,True,USA-PR-133,0.0,runtime_missed_county_containment
nss_shelters-66721,66721,SAN AGUSTIN,Calle  6 Ext. San Agustin,SAN JUAN,SAN JUAN,PR,924.0,CLOSED,state,USA-PR,,,USA-PR,18.46646524,-66.11828796,False,True,USA-PR-127,0.0,runtime_missed_county_containment
nss_shelters-349535,349535,Atria Bay Spring Village,147 Bay Spring Ave,BARRINGTON,BRISTOL,RI,2806.0,CLOSED,state,USA-RI,,,USA-RI,41.74873799,-71.34798166,True,False,USA-RI-001,0.0030246665563965925,inside_state_near_county_edge
nss_shelters-330733,330733,Block Island School,High Street,BLOCK ISLAND,WASHINGTON,RI,2807.0,CLOSED,state,USA-RI,,,USA-RI,41.16567702,-71.56179427,False,False,USA-RI-009,0.20223309688780855,outside_state_but_near_claimed_state_county
nss_shelters-357027,357027,Hale Library,2601 Commodore Parry Hwy,S KINGSTOWN,WASHINGTON,RI,2879.0,CLOSED,state,USA-RI,,,USA-RI,41.3985956,-71.5441766,True,True,USA-RI-009,0.0,runtime_missed_county_containment
nss_shelters-330744,330744,Melrose Elementary,76 Melrose Ave,Jamestown,NEWPORT,RI,2835.0,CLOSED,state,USA-RI,,,USA-RI,41.49848912,-71.38096759,False,False,USA-RI-009,0.03764974692412983,outside_state_but_near_claimed_state_county
nss_shelters-330732,330732,Primrose Hill School,60 Middle Highway,BARRINGTON,BRISTOL,RI,2806.0,CLOSED,state,USA-RI,,,USA-RI,41.75547039,-71.33066851,True,True,USA-RI-001,0.0,runtime_missed_county_containment
nss_shelters-356978,356978,Riverside Library,475 Bullocks Point Ave,RIVERSIDE,PROVIDENCE,RI,2915.0,CLOSED,state,USA-RI,,,USA-RI,41.7654741,-71.3615243,False,True,USA-RI-007,0.0,runtime_missed_county_containment
nss_shelters-357035,357035,Tiverton Senior Center,207 Canonicus St,TIVERTON,NEWPORT,RI,2878.0,CLOSED,state,USA-RI,,,USA-RI,41.6700609,-71.187714,True,True,USA-RI-005,0.0,runtime_missed_county_containment
nss_shelters-356447,356447,Arthur W. Christopher Community Center,65 Hagood Avenue,CHARLESTON,CHARLESTON,SC,29403.0,CLOSED,state,USA-SC,,,USA-SC,32.8007242,-79.9500477,True,True,USA-SC-019,0.0,runtime_missed_county_containment
nss_shelters-361017,361017,Howard Recreation Center,1610 Hawkins Street,GEORGETOWN,GEORGETOWN,SC,29440.0,CLOSED,state,USA-SC,,,USA-SC,33.220026,-79.175145,False,False,USA-SC-043,0.00632795105017807,outside_state_but_near_claimed_state_county
nss_shelters-359186,359186,McNair Campus,3795 Spruill Avenue,NORTH CHARLESTON,CHARLESTON,SC,29405.0,CLOSED,state,USA-SC,,,USA-SC,32.51469,-79.5813,False,False,USA-SC-019,0.32573242944055514,outside_claimed_state_far_away
nss_shelters-361207,361207,Murrell's Inlet Community Center,4462 Murrell's Inlet Road,MURRELLS INLET,GEORGETOWN,SC,29576.0,CLOSED,state,USA-SC,,,USA-SC,33.330246,-79.024246,False,False,USA-SC-043,0.12918567199673003,outside_state_but_near_claimed_state_county
nss_shelters-356446,356446,St. Julian Devine Community Center,1 Cooper Street,CHARLESTON,CHARLESTON,SC,29403.0,CLOSED,state,USA-SC,,,USA-SC,32.8007242,-79.9500477,True,True,USA-SC-019,0.0,runtime_missed_county_containment
nss_shelters-322423,322423,Ball High School,4115 Ave O,GALVESTON,GALVESTON,TX,77550.0,CLOSED,state,USA-TX,,,USA-TX,29.28822306,-94.80965544,True,True,USA-TX-167,0.0,runtime_missed_county_containment
nss_shelters-333586,333586,Ben Garza Gym,1815 Howard St,CORPUS CHRISTI,Nueces,TX,78404.0,CLOSED,state,USA-TX,,,USA-TX,27.79239872,-97.40996415,True,True,USA-TX-355,0.0,runtime_missed_county_containment
nss_shelters-360576,360576,Beuford Salvation Army,513 Josephine St,CORPUS CHRISTI,NUECES,TX,78404.0,CLOSED,state,USA-TX,,,USA-TX,27.7949055,-97.4067412,True,True,USA-TX-355,0.0,runtime_missed_county_containment
nss_shelters-354119,354119,Calhoun County Fairgrounds: Bauer Exhibit Bldg.,186 Henry Barer Way,PORT LAVACA,CALHOUN,TX,77979.0,CLOSED,state,USA-TX,,,USA-TX,28.59626,-96.64475,True,True,USA-TX-057,0.0,runtime_missed_county_containment
nss_shelters-354120,354120,Calhoun County Fairgrounds: Bauer Exhibit Hall Auditor,186 Henry Barber Way,PORT LAVACA,CALHOUN,TX,77979.0,CLOSED,state,USA-TX,,,USA-TX,28.59626,-96.64475,True,True,USA-TX-057,0.0,runtime_missed_county_containment
nss_shelters-349434,349434,First Baptist Ch. Education Building,3115 Ocean Dr,CORPUS CHRISTI,NUECES,TX,78404.0,CLOSED,state,USA-TX,,,USA-TX,27.763699,-97.383331,False,False,USA-TX-355,0.0039126102210078565,outside_state_but_near_claimed_state_county
nss_shelters-360288,360288,First Baptist Church - Galveston,822 23rd St,GALVESTON,GALVESTON,TX,77550.0,CLOSED,state,USA-TX,,,USA-TX,29.301648,-94.791862,True,False,USA-TX-167,0.01754894298816348,inside_state_far_from_any_county
nss_shelters-349441,349441,First Baptist Church Recreational Center,3115 Ocean Dr,CORPUS CHRISTI,NUECES,TX,78404.0,CLOSED,state,USA-TX,,,USA-TX,27.763699,-97.383331,False,False,USA-TX-355,0.0039126102210078565,outside_state_but_near_claimed_state_county
nss_shelters-323306,323306,First United Methodist Church,801 East Main Street,ROCKPORT,ARANSAS,TX,78382.0,CLOSED,state,USA-TX,,,USA-TX,28.02237334,-97.05408443,True,True,USA-TX-007,0.0,runtime_missed_county_containment
nss_shelters-365257,365257,Fulton Community Church,215 N. 3rd Street,Fulton,Aransas,TX,78358.0,CLOSED,state,USA-TX,,,USA-TX,28.0637635,-97.0367244,True,False,USA-TX-007,0.0008241283810035885,inside_state_near_county_edge
nss_shelters-360289,360289,Odyssey Academy,2412 61st St,GALVESTON,GALVESTON,TX,77551.0,CLOSED,state,USA-TX,,,USA-TX,29.2756775,-94.8293513,True,True,USA-TX-167,0.0,runtime_missed_county_containment
nss_shelters-324329,324329,Quemado Com. Center,20160 US Hwy 277,QUEMADO,MAVERICK,TX,78877.0,CLOSED,state,USA-TX,,,USA-TX,28.95756933,-100.62686603,True,True,USA-TX-323,0.0,runtime_missed_county_containment
nss_shelters-322626,322626,Rockport- Fulton Junior High School,1600 BUC DRIVE,ROCKPORT,ARANSAS,TX,78382.0,CLOSED,state,USA-TX,,,USA-TX,28.04224836,-97.04503725,True,True,USA-TX-007,0.0,runtime_missed_county_containment
nss_shelters-361350,361350,Rockport/Fulton Fire Department,401 N. 9th St.,FULTON,ARANSAS,TX,78358.0,CLOSED,state,USA-TX,,,USA-TX,28.0654631,-97.0426647,True,True,USA-TX-007,0.0,runtime_missed_county_containment
nss_shelters-363558,363558,Salvation Army Shelter,521 Josephine St,CORPUS CHRISTI,NUECES,TX,78401.0,CLOSED,state,USA-TX,,,USA-TX,27.79518,-97.40663,True,True,USA-TX-355,0.0,runtime_missed_county_containment
nss_shelters-329267,329267,Sargent V. F. W. 2412,FM 457,BAY CITY,MATAGORDA,TX,77414.0,CLOSED,state,USA-TX,,,USA-TX,28.77089706,-95.61717468,True,True,USA-TX-321,0.0,runtime_missed_county_containment
nss_shelters-323283,323283,Seabrook Community House Center,1210 Anders,SEABROOK,HARRIS,TX,77586.0,CLOSED,state,USA-TX,,,USA-TX,29.56374835,-95.02533984,True,True,USA-TX-201,0.0,runtime_missed_county_containment
nss_shelters-326639,326639,Bertha C Boschulte Middle School,#9-1 & 12A Bovoni,ST THOMAS,SAINT THOMAS,VI,802.0,CLOSED,state,USA-VI,,,USA-VI,18.3178536,-64.8909443,True,False,,,no_county_bank_for_state
nss_shelters-333665,333665,Bethany Moravian Church,123 Centerline Rd STJ,ST JOHN,SAINT JOHN,VI,831.0,CLOSED,state,USA-VI,,,USA-VI,18.33057386,-64.79313728,True,False,,,no_county_bank_for_state
nss_shelters-332194,332194,Bethany Moravian Church (Cruz Bay),Rt. 10,ST JOHN,SAINT JOHN,VI,830.0,CLOSED,state,USA-VI,,,USA-VI,18.33057386,-64.79313728,True,False,,,no_county_bank_for_state
nss_shelters-332191,332191,Guy Benjamin (Feeding Site),RT 10,ST JOHN,SAINT JOHN,VI,830.0,CLOSED,state,USA-VI,,,USA-VI,18.33057386,-64.79313728,True,False,,,no_county_bank_for_state
nss_shelters-363929,363929,Ivanna Eudora Kean High School,6501 Red Hook Plaza,CHARLOTTE AMALIE,SAINT THOMAS,VI,802.0,CLOSED,state,USA-VI,,,USA-VI,18.318421,-64.865778,False,False,,,no_county_bank_for_state
nss_shelters-332192,332192,Julius Sprauve School (Main Campus),Hill Street,ST JOHN,SAINT JOHN,VI,830.0,CLOSED,state,USA-VI,,,USA-VI,18.32836149,-64.79616591,False,False,,,no_county_bank_for_state
nss_shelters-341577,341577,Julius Sprauve School Main Campus,100 Prince Street,CRUZ BAY,SAINT JOHN,VI,831.0,CLOSED,state,USA-VI,,,USA-VI,18.330546,-64.793874,True,False,,,no_county_bank_for_state
nss_shelters-332196,332196,Nisky Moravian School,Rt. 30,ST THOMAS,SAINT THOMAS,VI,803.0,CLOSED,state,USA-VI,,,USA-VI,18.32150137,-64.87795662,True,False,,,no_county_bank_for_state
nss_shelters-332193,332193,Saint John Methodist Church,Constant Point Rd.,ST JOHN,SAINT JOHN,VI,830.0,CLOSED,state,USA-VI,,,USA-VI,18.32302237,-64.79343613,False,False,,,no_county_bank_for_state
nss_shelters-363931,363931,Water Island Fire Station,Water Island,ST THOMAS,SAINT THOMAS,VI,802.0,CLOSED,state,USA-VI,,,USA-VI,18.31837082,-64.95276642,False,False,,,no_county_bank_for_state
nss_shelters-345486,345486,AJ West Elementary School,1801 Bay Avenue,ABERDEEN,GRAYS HARBOR,WA,98520.0,CLOSED,state,USA-WA,,,USA-WA,46.971922,-123.838252,True,True,USA-WA-027,0.0,runtime_missed_county_containment
nss_shelters-108853,108853,Beach Elementary School,3786 Centerview Rd,LUMMI ISLAND,WHATCOM,WA,98262.0,CLOSED,state,USA-WA,,,USA-WA,48.72523411,-122.69224463,False,False,USA-WA-073,0.06621395731981952,outside_state_but_near_claimed_state_county
nss_shelters-108875,108875,Bellingham Cruise Terminal,355 Harris St,BELLINGHAM,WHATCOM,WA,98225.0,CLOSED,state,USA-WA,,,USA-WA,48.71992811,-122.51140896,True,True,USA-WA-073,0.0,runtime_missed_county_containment
nss_shelters-108995,108995,Bellingham Technical College - Building G,3028 Lindbergh Ave,BELLINGHAM,WHATCOM,WA,98225.0,CLOSED,state,USA-WA,,,USA-WA,48.75293351,-122.50131687,False,False,USA-WA-073,0.001470074360714884,outside_state_but_near_claimed_state_county
nss_shelters-109116,109116,Blaine Boating Center-POB,235 Marine Drive,BLAINE,WHATCOM,WA,98230.0,CLOSED,state,USA-WA,,,USA-WA,48.99533648,-122.75790413,False,False,USA-WA-073,0.00032683513436854525,outside_state_but_near_claimed_state_county
nss_shelters-109373,109373,CLALLAM BAY HIGH SCHOOL,16933 HWY 112,CLALLAM BAY,CLALLAM,WA,98326.0,CLOSED,state,USA-WA,,,USA-WA,48.17209893,-124.02117559,False,False,USA-WA-009,0.0006503377379358962,outside_state_but_near_claimed_state_county
nss_shelters-108685,108685,COLONY SURF CLUB,50 N COLONY CT,LILLIWAUP,MASON,WA,98555.0,CLOSED,state,USA-WA,,,USA-WA,47.50204663,-123.06839845,True,True,USA-WA-045,0.0,runtime_missed_county_containment
nss_shelters-335434,335434,CRESCENT HEIGHTS ELEMENTARY,4110 NASSUA AVE NE,TACOMA,PIERCE,WA,98422.0,CLOSED,state,USA-WA,,,USA-WA,47.29345048,-122.3988588,True,True,USA-WA-053,0.0,runtime_missed_county_containment
nss_shelters-108360,108360,Camano Chapel,867 S West Camano DR,CAMANO ISLAND,ISLAND,WA,98282.0,CLOSED,state,USA-WA,,,USA-WA,48.17967789,-122.52724807,True,False,USA-WA-029,0.006887504557777888,inside_state_near_county_edge
nss_shelters-108966,108966,Central Elementary School,310 SIMPSON AVE,HOQUIAM,GRAYS HARBOR,WA,98550.0,CLOSED,state,USA-WA,,,USA-WA,46.98091809,-123.88909836,True,True,USA-WA-027,0.0,runtime_missed_county_containment
nss_shelters-342245,342245,Clear Creek Elementary School,3999 Sunde Road NE,SILVERDALE,KITSAP,WA,98383.0,CLOSED,state,USA-WA,,,USA-WA,47.4059,-122.4204,False,False,USA-WA-033,0.011330288720875286,outside_state_but_near_claimed_state_county
nss_shelters-108521,108521,Clinton Community Hall,6411 Central Ave,CLINTON,ISLAND,WA,98236.0,CLOSED,state,USA-WA,,,USA-WA,47.97689026,-122.35677053,True,False,USA-WA-029,0.0013505178952763737,inside_state_near_county_edge
nss_shelters-109636,109636,Community of Christ Samish Island Campground,11633 Scott Rd,BOW,SKAGIT,WA,98232.0,CLOSED,state,USA-WA,,,USA-WA,48.56986723,-122.49073354,False,False,USA-WA-057,0.03087753700844865,outside_state_but_near_claimed_state_county
nss_shelters-108735,108735,Dungeness Community Church,45 EBERLE LN,SEQUIM,CLALLAM,WA,98382.0,CLOSED,state,USA-WA,,,USA-WA,48.13173553,-123.11890099,True,True,USA-WA-009,0.0,runtime_missed_county_containment
nss_shelters-350945,350945,Edmonds Center for the Arts,410 4th Ave North,EDMONDS,SNOHOMISH,WA,98020.0,CLOSED,state,USA-WA,,,USA-WA,47.81389527,-122.37601482,True,False,USA-WA-061,0.007035973434390323,inside_state_near_county_edge
nss_shelters-109756,109756,Emerson Elementary,101 W EMERSON ST,HOQUIAM,GRAYS HARBOR,WA,98550.0,CLOSED,state,USA-WA,,,USA-WA,46.98100802,-123.88950305,True,True,USA-WA-027,0.0,runtime_missed_county_containment
nss_shelters-109063,109063,Esquire Hills Elementary School,2650 NE John Carlson Rd,Bremerton,Kitsap,WA,98311.0,CLOSED,state,USA-WA,,,USA-WA,47.63184738,-122.61325718,True,True,USA-WA-035,0.0,runtime_missed_county_containment
nss_shelters-342244,342244,Evergreen Lutheran Church,3200 Seabeck Holly Road,SEABECK,KITSAP,WA,98380.0,CLOSED,state,USA-WA,,,USA-WA,47.3139,-122.5107,False,False,USA-WA-053,0.017266490271000204,outside_state_but_near_claimed_state_county
nss_shelters-108934,108934,FIRE DISTRICT NO 17 STATION,32217 N HWY 101,LILLIWAUP,MASON,WA,98555.0,CLOSED,state,USA-WA,,,USA-WA,47.48370206,-123.0801492,False,True,USA-WA-045,0.0,runtime_missed_county_containment
nss_shelters-109661,109661,FIRST PRESBYTERIAN CHURCH,1111 FRANKLIN,PORT TOWNSEND,JEFFERSON,WA,98368.0,CLOSED,state,USA-WA,,,USA-WA,48.11557471,-122.76056612,True,False,USA-WA-031,0.052264893877617576,inside_state_far_from_any_county
nss_shelters-109711,109711,FORT FLAGLER ENVIRONMENTAL LEARNING CENTER,10541 FLAGLER RD,NORDLAND,JEFFERSON,WA,98358.0,CLOSED,state,USA-WA,,,USA-WA,48.03212662,-122.72765094,True,True,USA-WA-031,0.0,runtime_missed_county_containment
nss_shelters-109275,109275,FORT WORDEN STATE PARK CONFERENCE CENTER,200 BATTERY WAY,PORT TOWNSEND,JEFFERSON,WA,98368.0,CLOSED,state,USA-WA,,,USA-WA,48.1348202,-122.76512569,False,False,USA-WA-031,0.06773469530108481,outside_state_but_near_claimed_state_county
nss_shelters-360452,360452,Fairhaven Middle School,110 Park Ridge Road,BELLINGHAM,WHATCOM,WA,98225.0,CLOSED,state,USA-WA,,,USA-WA,48.7144583,-122.503465,True,True,USA-WA-073,0.0,runtime_missed_county_containment
nss_shelters-331539,331539,Faith Lutheran Church,2750 Mcleod Rd,BELLINGHAM,WHATCOM,WA,98225.0,CLOSED,state,USA-WA,,,USA-WA,48.75293351,-122.50131687,False,False,USA-WA-073,0.001470074360714884,outside_state_but_near_claimed_state_county
nss_shelters-109305,109305,First Lutheran Church - Poulsbo,18920 Fourth AVE NW,POULSBO,KITSAP,WA,98370.0,CLOSED,state,USA-WA,,,USA-WA,47.73456686,-122.64408683,True,True,USA-WA-035,0.0,runtime_missed_county_containment
nss_shelters-109184,109184,First Presbyterian Church,210 K Street,HOQUIAM,GRAYS HARBOUR,WA,98550.0,CLOSED,state,USA-WA,,,USA-WA,46.98044145,-123.89206612,True,True,USA-WA-027,0.0,runtime_missed_county_containment
nss_shelters-109725,109725,HAPPY VALLEY ELEMENTARY,1041 24TH ST,BELLINGHAM,WHATCOM,WA,98225.0,CLOSED,state,USA-WA,,,USA-WA,48.72317466,-122.4857423,True,True,USA-WA-073,0.0,runtime_missed_county_containment
nss_shelters-108478,108478,Hansville Community Center,6778 BUCK LAKE ROAD,HANSVILLE,KITSAP,WA,98340.0,CLOSED,state,USA-WA,,,USA-WA,47.91132968,-122.55243603,True,False,USA-WA-035,0.018460705699813024,inside_state_far_from_any_county
nss_shelters-346197,346197,Hansville Community Church,7543 NE Twin Spits Road,HANSVILLE,KITSAP,WA,98340.0,CLOSED,state,USA-WA,,,USA-WA,47.9181322,-122.5480254,False,False,USA-WA-035,0.021605977816007177,outside_state_but_near_claimed_state_county
nss_shelters-109665,109665,Hawthorne Elementary School,1110 Poplar ST,EVERETT,SNOHOMISH,WA,98201.0,CLOSED,state,USA-WA,,,USA-WA,48.00219876,-122.19478694,True,True,USA-WA-061,0.0,runtime_missed_county_containment
nss_shelters-109488,109488,Hillcrest Chapel,1400 Larrabee,BELLINGHAM,WHATCOM,WA,98225.0,CLOSED,state,USA-WA,,,USA-WA,48.71849818,-122.4992771,True,True,USA-WA-073,0.0,runtime_missed_county_containment
nss_shelters-108428,108428,Holy Rosary School,770 Aloha ST,EDMONDS,SNOHOMISH,WA,98020.0,CLOSED,state,USA-WA,,,USA-WA,47.81597457,-122.37006251,True,False,USA-WA-061,0.003754929398189756,inside_state_near_county_edge
nss_shelters-108669,108669,Hoquiam High School,501 W EMERSON,HOQUIAM,GRAYS HARBOR,WA,98550.0,CLOSED,state,USA-WA,,,USA-WA,46.98114631,-123.91009928,True,True,USA-WA-027,0.0,runtime_missed_county_containment
nss_shelters-109272,109272,Hoquiam Middle School,200 SPENSER ST,HOQUIAM,GRAYS HARBOR,WA,98550.0,CLOSED,state,USA-WA,,,USA-WA,46.98223952,-123.90626959,True,True,USA-WA-027,0.0,runtime_missed_county_containment
nss_shelters-352959,352959,Immanuel Baptist Church,1200 Soule Ave,HOQUIAM,GRAYS HARBOR,WA,98550.0,CLOSED,state,USA-WA,,,USA-WA,46.98634013,-123.8818742,True,True,USA-WA-027,0.0,runtime_missed_county_containment
nss_shelters-342247,342247,Jackson Park Elementary School,2900 Austin Drive,BREMERTON,KITSAP,WA,98312.0,CLOSED,state,USA-WA,,,USA-WA,47.3529,-122.415,False,False,USA-WA-033,0.025632130088193122,outside_state_but_near_claimed_state_county
nss_shelters-353761,353761,Jefferson Co. Parks and Recreation,620 Tyler Street,PORT TOWNSEND,JEFFERSON,WA,98368.0,CLOSED,state,USA-WA,,,USA-WA,48.1168708,-122.7601786,True,False,USA-WA-031,0.05358686723902254,inside_state_far_from_any_county
nss_shelters-346199,346199,Keyport Bible Church,15252 Washington Ave NE,KEYPORT,KITSAP,WA,98345.0,CLOSED,state,USA-WA,,,USA-WA,47.703306,-122.624023,False,False,USA-WA-035,0.000726957060145955,outside_state_but_near_claimed_state_county
nss_shelters-109495,109495,LARRABEE ELEMENTARY SCHOOL,1409 18TH ST,BELLINGHAM,WHATCOM,WA,98225.0,CLOSED,state,USA-WA,,,USA-WA,48.71920865,-122.49409701,True,True,USA-WA-073,0.0,runtime_missed_county_containment
nss_shelters-108302,108302,LOWELL ELEMENTARY SCHOOL,935 14TH ST,BELLINGHAM,WHATCOM,WA,98225.0,CLOSED,state,USA-WA,,,USA-WA,48.7248384,-122.49957388,True,True,USA-WA-073,0.0,runtime_missed_county_containment
nss_shelters-109168,109168,Lummi Community Center,2200 Lummi View Dr,BELLINGHAM,WHATCOM,WA,98226.0,CLOSED,state,USA-WA,,,USA-WA,48.72136702,-122.65743187,False,False,USA-WA-073,0.053573194231773764,outside_state_but_near_claimed_state_county
nss_shelters-337487,337487,Lummi Island Congregational Church,3913 Legoe Bay Road,LUMMI ISLAND,WHATCOM,WA,98262.0,CLOSED,state,USA-WA,,,USA-WA,48.71459513,-122.69691211,False,False,USA-WA-055,0.07025698340638979,outside_state_but_near_claimed_state_county
nss_shelters-109206,109206,Lummi Island Grange #925,2115 N Nugent Rd,LUMMI ISLAND,WHATCOM,WA,98262.0,CLOSED,state,USA-WA,,,USA-WA,48.71843413,-122.68287534,False,False,USA-WA-073,0.06589644677365775,outside_state_but_near_claimed_state_county
nss_shelters-333883,333883,Lummi Neighborhood Building (Bldg. M),2530 Kwina Road,BELLINGHAM,WHATCOM,WA,98226.0,CLOSED,state,USA-WA,,,USA-WA,48.79005724,-122.66147882,True,True,USA-WA-073,0.0,runtime_missed_county_containment
nss_shelters-335432,335432,MEEKER MIDDLE SCHOOL,4402 NASSAU AVENUE NE,TACOMA,PIERCE,WA,98422.0,CLOSED,state,USA-WA,,,USA-WA,47.2959506,-122.39983906,True,True,USA-WA-053,0.0,runtime_missed_county_containment
nss_shelters-109296,109296,MOUNTAIN VIEW ELEMENTARY,1919 BLAINE ST,PORT TOWNSEND,JEFFERSON,WA,98368.0,CLOSED,state,USA-WA,,,USA-WA,48.11556572,-122.77196053,True,False,USA-WA-031,0.047376635962333505,inside_state_far_from_any_county
nss_shelters-357373,357373,Makah Community Gym,1394 Bayview Avenue,NEAH BAY,CLALLAM,WA,98357.0,CLOSED,state,USA-WA,,,USA-WA,48.3662769,-124.6088486,True,True,USA-WA-009,0.0,runtime_missed_county_containment
nss_shelters-108893,108893,Mason County Fire Protection District #17,34571 N Hwy 101,LILLIWAUP,MASON,WA,98555.0,CLOSED,state,USA-WA,,,USA-WA,47.5153492,-123.0556067,True,True,USA-WA-045,0.0,runtime_missed_county_containment
nss_shelters-346153,346153,Mountain View Middle School,2400 Perry Avenue,BREMERTON,KITSAP,WA,98310.0,CLOSED,state,USA-WA,,,USA-WA,47.582504,-122.611335,True,True,USA-WA-035,0.0,runtime_missed_county_containment
nss_shelters-109021,109021,NEAH BAY PRESBYTERIAN CHURCH,2ND AND FORT ST,NEAH BAY,CLALLAM,WA,98357.0,CLOSED,state,USA-WA,,,USA-WA,48.36809867,-124.6264188,True,True,USA-WA-009,0.0,runtime_missed_county_containment
nss_shelters-108874,108874,NEAH BAY SCHOOLS,3560 Deer St,Neah Bay,Clallam,WA,98357.0,CLOSED,state,USA-WA,,,USA-WA,48.36543318,-124.61567664,True,True,USA-WA-009,0.0,runtime_missed_county_containment
nss_shelters-108808,108808,North Sound Church,404 Bell St,EDMONDS,SNOHOMISH,WA,98020.0,CLOSED,state,USA-WA,,,USA-WA,47.81197259,-122.37760782,True,False,USA-WA-061,0.007047152271928663,inside_state_near_county_edge
nss_shelters-342282,342282,Olympic High School,7070 Stampede Blvd NW,BREMERTON,KITSAP,WA,98310.0,CLOSED,state,USA-WA,,,USA-WA,47.3736,-122.3939,False,False,USA-WA-033,0.011040185920647679,outside_state_but_near_claimed_state_county
nss_shelters-108383,108383,POLISH CLUB LODGE BUILDING,823 W 1ST ST,ABERDEEN,GRAYS HARBOUR,WA,98520.0,CLOSED,state,USA-WA,,,USA-WA,46.97158313,-123.82810634,True,True,USA-WA-027,0.0,runtime_missed_county_containment
nss_shelters-108534,108534,PORT TOWNSEND COMMUNITY CENTER,620 TYLER STREET,PORT TOWNSEND,JEFFERSON,WA,98368.0,CLOSED,state,USA-WA,,,USA-WA,48.11689671,-122.76011646,True,False,USA-WA-031,0.05363948348329832,inside_state_far_from_any_county
nss_shelters-109448,109448,PORT TOWNSEND HIGH SCHOOL,1500 VAN NESS STREET,PORT TOWNSEND,JEFFERSON,WA,98368.0,CLOSED,state,USA-WA,,,USA-WA,48.11767013,-122.7678956,True,False,USA-WA-031,0.05097262892493499,inside_state_far_from_any_county
nss_shelters-343089,343089,Point Roberts Community Center,1487 Gulf Rd.,POINT ROBERTS,WHATCOM,WA,98281.0,CLOSED,state,USA-WA,,,USA-WA,48.9846,-123.069,True,False,USA-WA-073,0.2996463583349881,inside_state_far_from_any_county
nss_shelters-352523,352523,Priority - Everett CC Fitness cnt 4-2,2206 Tower st,EVERETT,SNOHOMISH,WA,98201.0,CLOSED,state,USA-WA,,,USA-WA,48.005912,-122.1986187,True,True,USA-WA-061,0.0,runtime_missed_county_containment
nss_shelters-347232,347232,Quileute Tribal Council,1 Boyok Way,LA PUSH,CLALLAM,WA,98350.0,CLOSED,state,USA-WA,,,USA-WA,47.9081335,-124.6352255,True,False,USA-WA-009,0.0033809008288370537,inside_state_near_county_edge
nss_shelters-109678,109678,Rolling Bay Presbyterian Church,11042 Sunrise DR NE,BAINBRIDGE ISLAND,KITSAP,WA,98110.0,CLOSED,state,USA-WA,,,USA-WA,47.66286499,-122.51034776,True,False,USA-WA-035,0.0040157236946504835,inside_state_near_county_edge
nss_shelters-108964,108964,SEVENTH DAY ADVENTIST CHURCH,3101 CHERRY ST,HOQUIAM,GRAYS HARBOUR,WA,98550.0,CLOSED,state,USA-WA,,,USA-WA,46.97700604,-123.85416869,True,True,USA-WA-027,0.0,runtime_missed_county_containment
nss_shelters-108501,108501,ST MATTHEW CHURCH,6800 EASTSIDE DR,TACOMA,PIERCE,WA,98422.0,CLOSED,state,USA-WA,,,USA-WA,47.30221092,-122.43465567,False,True,USA-WA-053,0.0,runtime_missed_county_containment
nss_shelters-357372,357372,Sekiu Community Center,42 Rice Street,SEKIU,CLALLAM,WA,98381.0,CLOSED,state,USA-WA,,,USA-WA,48.263059,-124.3021302,False,True,USA-WA-009,0.0,runtime_missed_county_containment
nss_shelters-347176,347176,Sequim Elks Club 2642,143 Port Williams Road,SEQUIM,CLALLAM,WA,98382.0,CLOSED,state,USA-WA,,,USA-WA,48.095206,-123.098883,True,True,USA-WA-009,0.0,runtime_missed_county_containment
nss_shelters-355478,355478,Shaw Island Community Center,42 Squaw Bay Road,SHAW ISLAND,SAN JUAN,WA,98286.0,CLOSED,state,USA-WA,,,USA-WA,48.5628102,-122.9479066,False,False,USA-WA-055,0.030157303910015115,outside_state_but_near_claimed_state_county
nss_shelters-108627,108627,Shorewood Clubhouse,5247 NE PONDEROSA DR,HANSVILLE,KITSAP,WA,98340.0,CLOSED,state,USA-WA,,,USA-WA,47.89990829,-122.57785087,True,False,USA-WA-035,0.023306232123638262,inside_state_far_from_any_county
nss_shelters-340014,340014,St Mary's Star of the Sea,1335 Blaine St,PORT TOWNSEND,JEFFERSON,WA,98368.0,CLOSED,state,USA-WA,,,USA-WA,48.11799389,-122.76586313,True,False,USA-WA-031,0.052107276451020486,inside_state_far_from_any_county
nss_shelters-361741,361741,Sunland Golf & Country Club,109 Hilltop Drive,SEQUIM,CLALLAM,WA,98382.0,CLOSED,state,USA-WA,,,USA-WA,48.1113864,-123.0957977,True,True,USA-WA-009,0.0,runtime_missed_county_containment
nss_shelters-361779,361779,Sunland Owner's Association,137 Fairway Drive,SEQUIM,CLALLAM,WA,98382.0,CLOSED,state,USA-WA,,,USA-WA,48.1104996,-123.095274,True,True,USA-WA-009,0.0,runtime_missed_county_containment
nss_shelters-342412,342412,Trinity Lutheran Church,1880 APA Rd.,POINT ROBERTS,WHATCOM,WA,98281.0,CLOSED,state,USA-WA,,,USA-WA,48.9929,-123.0537,True,False,USA-WA-073,0.28592751750143586,inside_state_far_from_any_county
nss_shelters-346934,346934,Trinity United Methodist Church,100 N Blake Ave,SEQUIM,CLALLAM,WA,98382.0,CLOSED,state,USA-WA,,,USA-WA,48.079118,-123.08466,True,True,USA-WA-009,0.0,runtime_missed_county_containment
nss_shelters-108426,108426,Tulalip Boys And Girls Club,7707 36th Ave NW,MARYSVILLE,SNOHOMISH,WA,98271.0,CLOSED,state,USA-WA,,,USA-WA,48.06668756,-122.28126345,True,True,USA-WA-061,0.0,runtime_missed_county_containment
nss_shelters-108424,108424,Tulalip Elementary School,7730 36th Ave NW,MARYSVILLE,SNOHOMISH,WA,98271.0,CLOSED,state,USA-WA,,,USA-WA,48.06701132,-122.28126345,True,True,USA-WA-061,0.0,runtime_missed_county_containment
nss_shelters-108447,108447,UNITED METHODIST CHURCH,7400 PIONEER WAY,GIG HARBOR,,WA,98335.0,CLOSED,state,USA-WA,,,USA-WA,47.32494474,-122.58598074,True,True,USA-WA-053,0.0,runtime_missed_county_containment
nss_shelters-338032,338032,WASHINGTON ELEMENTARY,3003 CHERRY ST,HOQUIAM,GRAYS HARBOR,WA,98550.0,CLOSED,state,USA-WA,,,USA-WA,46.97701503,-123.8561472,True,True,USA-WA-027,0.0,runtime_missed_county_containment
nss_shelters-346445,346445,Washington Veterans Home - Retsil,1141 Beach Dr E,PORT ORCHARD,KITSAP,WA,98366.0,CLOSED,state,USA-WA,,,USA-WA,47.5469821,-122.6145644,False,False,USA-WA-035,0.0003710601000523655,outside_state_but_near_claimed_state_county
nss_shelters-345496,345496,Western Washington University - Wade King Recreation Ct,1880 Bill McDonald Pkwy,BELLINGHAM,WHATCOM,WA,98225.0,CLOSED,state,USA-WA,,,USA-WA,48.7266028,-122.490053,True,True,USA-WA-073,0.0,runtime_missed_county_containment
nss_shelters-345371,345371,Westport Senior Center,114 East Pacific Ave,WESTPORT,GRAYS HARBOR,WA,98595.0,CLOSED,state,USA-WA,,,USA-WA,46.89053,-124.103262,True,False,USA-WA-027,0.004485951662617045,inside_state_near_county_edge
nss_shelters-108319,108319,Whittier Elementary School,916 Oakes ST,EVERETT,SNOHOMISH,WA,98201.0,CLOSED,state,USA-WA,,,USA-WA,48.00479622,-122.20383183,True,True,USA-WA-061,0.0,runtime_missed_county_containment
nss_shelters-109562,109562,Wilkes Elementary School,12781 Madison AVE N,Bainbridge Island,Kitsap,WA,98110.0,CLOSED,state,USA-WA,,,USA-WA,47.6790438,-122.52114861,True,True,USA-WA-035,0.0,runtime_missed_county_containment
nss_shelters-342378,342378,Woodlands Elementary,7420 Central Valley Road NE,BREMERTON,KITSAP,WA,98311.0,CLOSED,state,USA-WA,,,USA-WA,47.3743,-122.39,False,False,USA-WA-033,0.013720105945732914,outside_state_but_near_claimed_state_county
nss_shelters-108698,108698,YMCA Camp Orkila,484 Camp Orkila Road,EASTSOUND,SAN JUAN,WA,98245.0,CLOSED,state,USA-WA,,,USA-WA,48.70310179,-122.89315317,True,True,USA-WA-055,0.0,runtime_missed_county_containment
nss_shelters-144140,144140,Bayfield Rec Center,140 S. Broad St.,BAYFIELD,BAYFIELD,WI,54814.0,CLOSED,state,USA-WI,,,USA-WI,46.8084641,-90.81704334,False,False,USA-WI-007,0.0005069527013418224,outside_state_but_near_claimed_state_county
nss_shelters-144254,144254,CUDAHY HIGH SCHOOL,4950 S. LAKE DRIVE,CUDAHY,MILWAUKEE,WI,53110.0,CLOSED,state,USA-WI,,,USA-WI,42.95461739,-87.85009004,True,False,USA-WI-079,0.0007581455292908751,inside_state_near_county_edge
nss_shelters-363382,363382,Oxford Bible Church,547 Ormsby,OXFORD,MARQUETTE,WI,53952.0,CLOSED,state,USA-WI,,,USA-WI,0.0,-89.5815578,False,False,USA-WI-105,42.499132776202146,outside_claimed_state_far_away
